Age,Year,Week,week_end_date,observed,expected,excess
25-44 years,2020,11,2020-03-14,217,204.379279348219,12.6207206517814
25-44 years,2020,12,2020-03-21,215,204.379279348219,10.6207206517814
25-44 years,2020,13,2020-03-28,232,204.379279348219,27.6207206517814
25-44 years,2020,14,2020-04-04,234,204.379279348219,29.6207206517814
25-44 years,2020,15,2020-04-11,246,204.379279348219,41.6207206517814
25-44 years,2020,16,2020-04-18,219,204.379279348219,14.6207206517814
25-44 years,2020,17,2020-04-25,224,204.379279348219,19.6207206517814
25-44 years,2020,18,2020-05-02,240,204.379279348219,35.6207206517814
25-44 years,2020,19,2020-05-09,220,204.379279348219,15.6207206517814
25-44 years,2020,20,2020-05-16,227,204.379279348219,22.6207206517814
25-44 years,2020,21,2020-05-23,251,204.379279348219,46.6207206517814
25-44 years,2020,22,2020-05-30,263,204.379279348219,58.6207206517814
25-44 years,2020,23,2020-06-06,224,204.379279348219,19.6207206517814
25-44 years,2020,24,2020-06-13,234,204.379279348219,29.6207206517814
25-44 years,2020,25,2020-06-20,239,204.379279348219,34.6207206517814
25-44 years,2020,26,2020-06-27,258,204.379279348219,53.6207206517814
25-44 years,2020,27,2020-07-04,264,204.379279348219,59.6207206517814
25-44 years,2020,28,2020-07-11,279,204.379279348219,74.6207206517814
25-44 years,2020,29,2020-07-18,281,204.379279348219,76.6207206517814
25-44 years,2020,30,2020-07-25,261,204.379279348219,56.6207206517814
25-44 years,2020,31,2020-08-01,262,204.379279348219,57.6207206517814
25-44 years,2020,32,2020-08-08,257,204.379279348219,52.6207206517814
25-44 years,2020,33,2020-08-15,258,204.379279348219,53.6207206517814
25-44 years,2020,34,2020-08-22,234,204.379279348219,29.6207206517814
25-44 years,2020,35,2020-08-29,238,204.379279348219,33.6207206517814
25-44 years,2020,36,2020-09-05,256,204.379279348219,51.6207206517814
25-44 years,2020,37,2020-09-12,222,204.379279348219,17.6207206517814
25-44 years,2020,38,2020-09-19,270,204.379279348219,65.6207206517814
25-44 years,2020,39,2020-09-26,236,204.379279348219,31.6207206517814
25-44 years,2020,40,2020-10-03,228,204.379279348219,23.6207206517814
25-44 years,2020,41,2020-10-10,246,204.379279348219,41.6207206517814
25-44 years,2020,42,2020-10-17,212,204.379279348219,7.62072065178143
25-44 years,2020,43,2020-10-24,220,204.379279348219,15.6207206517814
25-44 years,2020,44,2020-10-31,227,204.379279348219,22.6207206517814
25-44 years,2020,45,2020-11-07,264,204.379279348219,59.6207206517814
25-44 years,2020,46,2020-11-14,232,204.379279348219,27.6207206517814
25-44 years,2020,47,2020-11-21,225,204.379279348219,20.6207206517814
25-44 years,2020,48,2020-11-28,232,204.379279348219,27.6207206517814
25-44 years,2020,49,2020-12-05,221,204.379279348219,16.6207206517814
25-44 years,2020,50,2020-12-12,251,204.379279348219,46.6207206517814
25-44 years,2020,51,2020-12-19,227,204.379279348219,22.6207206517814
25-44 years,2020,52,2020-12-26,249,204.379279348219,44.6207206517814
25-44 years,2020,53,2021-01-02,279,204.379279348219,74.6207206517814
25-44 years,2021,2,2021-01-16,253,204.379279348219,48.6207206517814
25-44 years,2021,3,2021-01-23,236,204.379279348219,31.6207206517814
25-44 years,2021,4,2021-01-30,261,204.379279348219,56.6207206517814
25-44 years,2021,5,2021-02-06,273,204.379279348219,68.6207206517814
25-44 years,2021,6,2021-02-13,272,204.379279348219,67.6207206517814
25-44 years,2021,7,2021-02-20,233,204.379279348219,28.6207206517814
25-44 years,2021,8,2021-02-27,233,204.379279348219,28.6207206517814
25-44 years,2021,9,2021-03-06,238,204.379279348219,33.6207206517814
25-44 years,2021,10,2021-03-13,247,204.379279348219,42.6207206517814
25-44 years,2021,11,2021-03-20,248,204.379279348219,43.6207206517814
25-44 years,2021,12,2021-03-27,273,204.379279348219,68.6207206517814
25-44 years,2021,13,2021-04-03,254,204.379279348219,49.6207206517814
25-44 years,2021,14,2021-04-10,267,204.379279348219,62.6207206517814
25-44 years,2021,15,2021-04-17,286,204.379279348219,81.6207206517814
25-44 years,2021,16,2021-04-24,252,204.379279348219,47.6207206517814
25-44 years,2021,17,2021-05-01,264,204.379279348219,59.6207206517814
25-44 years,2021,18,2021-05-08,285,204.379279348219,80.6207206517814
25-44 years,2021,19,2021-05-15,280,204.379279348219,75.6207206517814
25-44 years,2021,20,2021-05-22,245,204.379279348219,40.6207206517814
25-44 years,2021,21,2021-05-29,264,204.379279348219,59.6207206517814
25-44 years,2021,22,2021-06-05,269,204.379279348219,64.6207206517814
25-44 years,2021,23,2021-06-12,273,204.379279348219,68.6207206517814
25-44 years,2021,24,2021-06-19,267,204.379279348219,62.6207206517814
25-44 years,2021,25,2021-06-26,276,204.379279348219,71.6207206517814
25-44 years,2021,26,2021-07-03,233,204.379279348219,28.6207206517814
25-44 years,2021,27,2021-07-10,245,204.379279348219,40.6207206517814
25-44 years,2021,28,2021-07-17,271,204.379279348219,66.6207206517814
25-44 years,2021,29,2021-07-24,280,204.379279348219,75.6207206517814
25-44 years,2021,30,2021-07-31,370,204.379279348219,165.620720651781
25-44 years,2021,31,2021-08-07,382,204.379279348219,177.620720651781
25-44 years,2021,32,2021-08-14,443,204.379279348219,238.620720651781
25-44 years,2021,33,2021-08-21,429,204.379279348219,224.620720651781
25-44 years,2021,34,2021-08-28,493,204.379279348219,288.620720651781
25-44 years,2021,35,2021-09-04,458,204.379279348219,253.620720651781
25-44 years,2021,36,2021-09-11,416,204.379279348219,211.620720651781
25-44 years,2021,37,2021-09-18,364,204.379279348219,159.620720651781
25-44 years,2021,38,2021-09-25,369,204.379279348219,164.620720651781
25-44 years,2021,39,2021-10-02,327,204.379279348219,122.620720651781
25-44 years,2021,40,2021-10-09,286,204.379279348219,81.6207206517814
25-44 years,2021,41,2021-10-16,314,204.379279348219,109.620720651781
25-44 years,2021,42,2021-10-23,277,204.379279348219,72.6207206517814
25-44 years,2021,43,2021-10-30,256,204.379279348219,51.6207206517814
25-44 years,2021,44,2021-11-06,261,204.379279348219,56.6207206517814
25-44 years,2021,45,2021-11-13,259,204.379279348219,54.6207206517814
25-44 years,2021,46,2021-11-20,266,204.379279348219,61.6207206517814
25-44 years,2021,47,2021-11-27,258,204.379279348219,53.6207206517814
25-44 years,2021,48,2021-12-04,255,204.379279348219,50.6207206517814
25-44 years,2021,49,2021-12-11,247,204.379279348219,42.6207206517814
25-44 years,2021,50,2021-12-18,263,204.379279348219,58.6207206517814
25-44 years,2021,51,2021-12-25,233,204.379279348219,28.6207206517814
25-44 years,2021,52,2022-01-01,295,204.379279348219,90.6207206517814
25-44 years,2022,1,2022-01-08,250,204.379279348219,45.6207206517814
25-44 years,2022,2,2022-01-15,267,204.379279348219,62.6207206517814
25-44 years,2022,3,2022-01-22,260,204.379279348219,55.6207206517814
25-44 years,2022,4,2022-01-29,247,204.379279348219,42.6207206517814
25-44 years,2022,5,2022-02-05,268,204.379279348219,63.6207206517814
25-44 years,2022,6,2022-02-12,265,204.379279348219,60.6207206517814
25-44 years,2022,7,2022-02-19,257,204.379279348219,52.6207206517814
25-44 years,2022,8,2022-02-26,228,204.379279348219,23.6207206517814
25-44 years,2022,9,2022-03-05,232,204.379279348219,27.6207206517814
25-44 years,2022,10,2022-03-12,290,204.379279348219,85.6207206517814
25-44 years,2022,11,2022-03-19,259,204.379279348219,54.6207206517814
25-44 years,2022,12,2022-03-26,235,204.379279348219,30.6207206517814
25-44 years,2022,13,2022-04-02,247,204.379279348219,42.6207206517814
25-44 years,2022,14,2022-04-09,200,204.379279348219,-4.37927934821857
25-44 years,2022,15,2022-04-16,243,204.379279348219,38.6207206517814
25-44 years,2022,16,2022-04-23,215,204.379279348219,10.6207206517814
25-44 years,2022,17,2022-04-30,230,204.379279348219,25.6207206517814
25-44 years,2022,18,2022-05-07,223,204.379279348219,18.6207206517814
25-44 years,2022,19,2022-05-14,207,204.379279348219,2.62072065178143
25-44 years,2022,20,2022-05-21,222,204.379279348219,17.6207206517814
45-64 years,2020,11,2020-03-14,734,767.763061912433,-33.7630619124327
45-64 years,2020,12,2020-03-21,734,751.745543509641,-17.7455435096409
45-64 years,2020,13,2020-03-28,733,756.083621410397,-23.0836214103971
45-64 years,2020,14,2020-04-04,775,761.255945061299,13.7440549387014
45-64 years,2020,15,2020-04-11,766,767.929911062462,-1.92991106246188
45-64 years,2020,16,2020-04-18,774,760.588548461182,13.4114515388177
45-64 years,2020,17,2020-04-25,806,747.741163908943,58.258836091057
45-64 years,2020,18,2020-05-02,795,753.414035009932,41.5859649900682
45-64 years,2020,19,2020-05-09,810,757.251565460601,52.7484345393993
45-64 years,2020,20,2020-05-16,750,750.410750309408,-0.410750309408286
45-64 years,2020,21,2020-05-23,788,753.914582460019,34.085417539981
45-64 years,2020,22,2020-05-30,739,756.250470560426,-17.2504705604262
45-64 years,2020,23,2020-06-06,762,765.594022962055,-3.59402296205474
45-64 years,2020,24,2020-06-13,780,757.084716310572,22.9152836894284
45-64 years,2020,25,2020-06-20,775,755.58307396031,19.4169260396901
45-64 years,2020,26,2020-06-27,803,755.749923110339,47.250076889661
45-64 years,2020,27,2020-07-04,885,755.249375660252,129.750624339748
45-64 years,2020,28,2020-07-11,897,758.920056960892,138.079943039108
45-64 years,2020,29,2020-07-18,922,750.410750309408,171.589249690592
45-64 years,2020,30,2020-07-25,971,752.412940109757,218.587059890243
45-64 years,2020,31,2020-08-01,1043,744.571030058391,298.428969941609
45-64 years,2020,32,2020-08-08,994,747.407465608885,246.592534391115
45-64 years,2020,33,2020-08-15,942,747.741163908943,194.258836091057
45-64 years,2020,34,2020-08-22,871,752.246090959728,118.753909040272
45-64 years,2020,35,2020-08-29,889,751.411845209583,137.588154790417
45-64 years,2020,36,2020-09-05,818,753.414035009932,64.5859649900681
45-64 years,2020,37,2020-09-12,831,747.574314758914,83.425685241086
45-64 years,2020,38,2020-09-19,875,759.25375526095,115.74624473905
45-64 years,2020,39,2020-09-26,848,738.898158957402,109.101841042598
45-64 years,2020,40,2020-10-03,815,747.073767308827,67.9262326911731
45-64 years,2020,41,2020-10-10,857,752.079241809699,104.920758190301
45-64 years,2020,42,2020-10-17,808,749.242806259205,58.7571937407951
45-64 years,2020,43,2020-10-24,764,749.242806259205,14.7571937407951
45-64 years,2020,44,2020-10-31,753,747.574314758914,5.42568524108583
45-64 years,2020,45,2020-11-07,772,753.580884159961,18.4191158400389
45-64 years,2020,46,2020-11-14,812,755.916772260368,56.0832277396318
45-64 years,2020,47,2020-11-21,777,752.0792418097,24.9207581903006
45-64 years,2020,48,2020-11-28,812,750.744448609467,61.2555513905333
45-64 years,2020,49,2020-12-05,928,760.922246761241,167.077753238759
45-64 years,2020,50,2020-12-12,889,766.4282687122,122.5717312878
45-64 years,2020,51,2020-12-19,832,757.251565460601,74.7484345393991
45-64 years,2020,52,2020-12-26,874,757.251565460601,116.748434539399
45-64 years,2020,53,2021-01-02,996,757.251565460601,238.748434539399
45-64 years,2021,2,2021-01-16,955,762.257039961473,192.742960038527
45-64 years,2021,3,2021-01-23,888,761.255945061299,126.744054938701
45-64 years,2021,4,2021-01-30,871,762.757587411561,108.24241258844
45-64 years,2021,5,2021-02-06,874,765.760872112084,108.239127887916
45-64 years,2021,6,2021-02-13,950,762.423889111502,187.576110888498
45-64 years,2021,7,2021-02-20,927,758.920056960892,168.079943039108
45-64 years,2021,8,2021-02-27,823,765.093475511968,57.9065244880325
45-64 years,2021,9,2021-03-06,885,758.920056960892,126.079943039108
45-64 years,2021,10,2021-03-13,793,765.927721262113,27.072278737887
45-64 years,2021,11,2021-03-20,839,763.719149393215,75.2808506067852
45-64 years,2021,12,2021-03-27,874,761.046640062134,112.953359937866
45-64 years,2021,13,2021-04-03,781,761.770444672635,19.229555327365
45-64 years,2021,14,2021-04-10,848,762.633442477463,85.3665575225368
45-64 years,2021,15,2021-04-17,814,763.74698803208,50.2530119679198
45-64 years,2021,16,2021-04-24,884,762.522087922002,121.477912077999
45-64 years,2021,17,2021-05-01,802,760.378512729364,41.6214872706364
45-64 years,2021,18,2021-05-08,817,761.325026450788,55.6749735492119
45-64 years,2021,19,2021-05-15,837,761.965315144693,75.0346848553071
45-64 years,2021,20,2021-05-22,849,760.82393095121,88.1760690487896
45-64 years,2021,21,2021-05-29,869,761.408542367384,107.591457632616
45-64 years,2021,22,2021-06-05,826,761.7982833115,64.2017166884997
45-64 years,2021,23,2021-06-12,835,763.357247087964,71.6427529120358
45-64 years,2021,24,2021-06-19,782,761.937476505828,20.0625234941725
45-64 years,2021,25,2021-06-26,816,761.686928756039,54.3130712439614
45-64 years,2021,26,2021-07-03,826,761.714767394904,64.285232605096
45-64 years,2021,27,2021-07-10,858,761.631251478308,96.3687485216923
45-64 years,2021,28,2021-07-17,899,762.243701533347,136.756298466653
45-64 years,2021,29,2021-07-24,922,760.82393095121,161.17606904879
45-64 years,2021,30,2021-07-31,1085,761.157994617596,323.842005382405
45-64 years,2021,31,2021-08-07,1293,759.84957859092,533.15042140908
45-64 years,2021,32,2021-08-14,1459,760.322835451633,698.677164548367
45-64 years,2021,33,2021-08-21,1667,760.378512729364,906.621487270637
45-64 years,2021,34,2021-08-28,1744,761.13015597873,982.86984402127
45-64 years,2021,35,2021-09-04,1747,760.990962784403,986.009037215597
45-64 years,2021,36,2021-09-11,1635,761.325026450788,873.674973549212
45-64 years,2021,37,2021-09-18,1423,760.350674090498,662.649325909502
45-64 years,2021,38,2021-09-25,1262,762.299378811078,499.700621188922
45-64 years,2021,39,2021-10-02,1217,758.903064869496,458.096935130504
45-64 years,2021,40,2021-10-09,1031,760.267158173902,270.732841826098
45-64 years,2021,41,2021-10-16,950,761.102317339865,188.897682660136
45-64 years,2021,42,2021-10-23,850,760.629060479152,89.3709395208478
45-64 years,2021,43,2021-10-30,845,760.629060479152,84.3709395208478
45-64 years,2021,44,2021-11-06,846,760.350674090498,85.6493259095021
45-64 years,2021,45,2021-11-13,883,761.352865089653,121.647134910347
45-64 years,2021,46,2021-11-20,803,761.742606033769,41.2573939662308
45-64 years,2021,47,2021-11-27,782,761.102317339864,20.8976826601356
45-64 years,2021,48,2021-12-04,817,760.879608228941,56.1203917710591
45-64 years,2021,49,2021-12-11,825,762.577765199732,62.422234800268
45-64 years,2021,50,2021-12-18,805,763.496440282291,41.503559717709
45-64 years,2021,51,2021-12-25,842,761.965315144693,80.0346848553074
45-64 years,2021,52,2022-01-01,876,761.965315144693,114.034684855307
45-64 years,2022,1,2022-01-08,892,767.262514462346,124.737485537654
45-64 years,2022,2,2022-01-15,940,762.800474310656,177.199525689345
45-64 years,2022,3,2022-01-22,940,762.633442477463,177.366557522537
45-64 years,2022,4,2022-01-29,1011,762.883990227252,248.116009772748
45-64 years,2022,5,2022-02-05,989,763.385085726829,225.614914273171
45-64 years,2022,6,2022-02-12,969,762.828312949521,206.171687050479
45-64 years,2022,7,2022-02-19,896,762.243701533347,133.756298466653
45-64 years,2022,8,2022-02-26,903,763.273731171368,139.726268828632
45-64 years,2022,9,2022-03-05,823,762.243701533347,60.7562984666531
45-64 years,2022,10,2022-03-12,859,763.412924365695,95.5870756343052
45-64 years,2022,11,2022-03-19,776,763.044426026591,12.9555739734089
45-64 years,2022,12,2022-03-26,765,762.598520116255,2.40147988374463
45-64 years,2022,13,2022-04-02,782,762.719286300305,19.2807136996954
45-64 years,2022,14,2022-04-09,729,762.863276750517,-33.8632767505171
45-64 years,2022,15,2022-04-16,759,763.049070879824,-4.0490708798236
45-64 years,2022,16,2022-04-23,719,762.844697337587,-43.8446973375865
45-64 years,2022,17,2022-04-30,684,762.487043638671,-78.4870436386714
45-64 years,2022,18,2022-05-07,710,762.644968648582,-52.6449686485819
45-64 years,2022,19,2022-05-14,738,762.751800272933,-24.7518002729331
45-64 years,2022,20,2022-05-21,749,762.561361290394,-13.561361290394
65-74 years,2020,11,2020-03-14,858,845.83012895273,12.1698710472696
65-74 years,2020,12,2020-03-21,847,820.552518467244,26.4474815327566
65-74 years,2020,13,2020-03-28,866,851.552429696718,14.4475703032815
65-74 years,2020,14,2020-04-04,913,870.498380593611,42.501619406389
65-74 years,2020,15,2020-04-11,912,837.082091022343,74.9179089776567
65-74 years,2020,16,2020-04-18,846,786.339254223401,59.6607457765992
65-74 years,2020,17,2020-04-25,812,822.079462353556,-10.0794623535564
65-74 years,2020,18,2020-05-02,869,803.588409457346,65.411590542654
65-74 years,2020,19,2020-05-09,831,784.207582351333,46.7924176486667
65-74 years,2020,20,2020-05-16,827,794.388913091287,32.6110869087132
65-74 years,2020,21,2020-05-23,817,751.206066341292,65.7939336587084
65-74 years,2020,22,2020-05-30,784,785.900790174531,-1.90079017453138
65-74 years,2020,23,2020-06-06,797,793.995602472591,3.00439752740931
65-74 years,2020,24,2020-06-13,833,757.911880075681,75.0881199243193
65-74 years,2020,25,2020-06-20,881,769.648539162889,111.351460837111
65-74 years,2020,26,2020-06-27,848,769.522325988722,78.4776740112781
65-74 years,2020,27,2020-07-04,925,783.313085721487,141.686914278513
65-74 years,2020,28,2020-07-11,999,752.220301692362,246.779698307638
65-74 years,2020,29,2020-07-18,1072,746.732581245076,325.267418754925
65-74 years,2020,30,2020-07-25,1113,761.121390658204,351.878609341796
65-74 years,2020,31,2020-08-01,1120,776.452413150606,343.547586849394
65-74 years,2020,32,2020-08-08,1126,725.875256625328,400.124743374672
65-74 years,2020,33,2020-08-15,1082,725.108688463504,356.891311536496
65-74 years,2020,34,2020-08-22,1056,734.829188724624,321.170811275376
65-74 years,2020,35,2020-08-29,957,732.33002468259,224.66997531741
65-74 years,2020,36,2020-09-05,916,746.9528114527,169.0471885473
65-74 years,2020,37,2020-09-12,882,756.096408343974,125.903591656026
65-74 years,2020,38,2020-09-19,840,765.972681609735,74.0273183902655
65-74 years,2020,39,2020-09-26,881,749.725248327908,131.274751672092
65-74 years,2020,40,2020-10-03,818,765.621438286997,52.3785617130029
65-74 years,2020,41,2020-10-10,861,733.218305135622,127.781694864378
65-74 years,2020,42,2020-10-17,825,747.848946802115,77.1510531978847
65-74 years,2020,43,2020-10-24,831,766.413822310074,64.5861776899258
65-74 years,2020,44,2020-10-31,827,738.797042038256,88.2029579617441
65-74 years,2020,45,2020-11-07,799,793.367961384669,5.63203861533123
65-74 years,2020,46,2020-11-14,868,786.56348256277,81.4365174372303
65-74 years,2020,47,2020-11-21,940,799.867070748919,140.132929251081
65-74 years,2020,48,2020-11-28,911,813.31001571056,97.68998428944
65-74 years,2020,49,2020-12-05,976,792.036641159338,183.963358840662
65-74 years,2020,50,2020-12-12,957,821.952745509177,135.047254490823
65-74 years,2020,51,2020-12-19,1039,820.673328217843,218.326671782157
65-74 years,2020,52,2020-12-26,1013,847.154309903679,165.845690096321
65-74 years,2020,53,2021-01-02,1108,847.154309903679,260.845690096321
65-74 years,2021,2,2021-01-16,1240,844.751180879704,395.248819120296
65-74 years,2021,3,2021-01-23,1155,857.777131782858,297.222868217142
65-74 years,2021,4,2021-01-30,1096,859.348051879413,236.651948120587
65-74 years,2021,5,2021-02-06,1117,886.296150047287,230.703849952713
65-74 years,2021,6,2021-02-13,1062,866.33596623389,195.66403376611
65-74 years,2021,7,2021-02-20,1018,867.29010722338,150.70989277662
65-74 years,2021,8,2021-02-27,992,860.030598084162,131.969401915838
65-74 years,2021,9,2021-03-06,960,898.258113488485,61.7418865115147
65-74 years,2021,10,2021-03-13,925,879.036640901815,45.9633590981853
65-74 years,2021,11,2021-03-20,905,856.384623938888,48.615376061112
65-74 years,2021,12,2021-03-27,896,840.982707435071,55.0172925649292
65-74 years,2021,13,2021-04-03,870,884.645300018478,-14.6453000184782
65-74 years,2021,14,2021-04-10,935,873.909077025784,61.0909229742159
65-74 years,2021,15,2021-04-17,1004,856.280316071968,147.719683928032
65-74 years,2021,16,2021-04-24,944,804.438185396282,139.561814603718
65-74 years,2021,17,2021-05-01,906,855.889703922394,50.1102960776061
65-74 years,2021,18,2021-05-08,910,829.845413148946,80.1545868510536
65-74 years,2021,19,2021-05-15,861,813.572205448842,47.4277945511579
65-74 years,2021,20,2021-05-22,907,836.814886331772,70.1851136682285
65-74 years,2021,21,2021-05-29,896,781.54547685909,114.45452314091
65-74 years,2021,22,2021-06-05,859,801.778141384897,57.2218586151033
65-74 years,2021,23,2021-06-12,859,811.77487593922,47.2251240607801
65-74 years,2021,24,2021-06-19,829,774.270854775105,54.7291452248956
65-74 years,2021,25,2021-06-26,872,781.265521919022,90.7344780809776
65-74 years,2021,26,2021-07-03,866,788.019121261768,77.9808787382323
65-74 years,2021,27,2021-07-10,847,798.015589795263,48.9844102047367
65-74 years,2021,28,2021-07-17,898,783.526828331005,114.473171668995
65-74 years,2021,29,2021-07-24,970,778.27663971172,191.72336028828
65-74 years,2021,30,2021-07-31,1082,799.781457544599,282.218542455401
65-74 years,2021,31,2021-08-07,1159,812.029116700269,346.970883299731
65-74 years,2021,32,2021-08-14,1452,741.765043300822,710.234956699178
65-74 years,2021,33,2021-08-21,1466,745.268008992585,720.731991007415
65-74 years,2021,34,2021-08-28,1563,759.020828831148,803.979171168852
65-74 years,2021,35,2021-09-04,1529,738.257837290734,790.742162709266
65-74 years,2021,36,2021-09-11,1447,764.265900653134,682.734099346866
65-74 years,2021,37,2021-09-18,1349,757.754776954774,591.245223045226
65-74 years,2021,38,2021-09-25,1239,774.509651780178,464.490348219822
65-74 years,2021,39,2021-10-02,1115,772.019411786243,342.980588213757
65-74 years,2021,40,2021-10-09,1089,786.018061610667,302.981938389333
65-74 years,2021,41,2021-10-16,993,764.525804146399,228.474195853601
65-74 years,2021,42,2021-10-23,950,763.264522464136,186.735477535864
65-74 years,2021,43,2021-10-30,920,783.015363365229,136.984636634772
65-74 years,2021,44,2021-11-06,952,753.263847507976,198.736152492024
65-74 years,2021,45,2021-11-13,873,818.271255068803,54.7287449311975
65-74 years,2021,46,2021-11-20,893,796.760816341406,96.2391836585945
65-74 years,2021,47,2021-11-27,853,843.034218560855,9.96578143914508
65-74 years,2021,48,2021-12-04,903,828.014014955005,74.9859850449952
65-74 years,2021,49,2021-12-11,985,820.023443183447,164.976556816553
65-74 years,2021,50,2021-12-18,897,839.265866825726,57.7341331742745
65-74 years,2021,51,2021-12-25,929,842.018728957856,86.9812710421441
65-74 years,2021,52,2022-01-01,966,859.011994438965,106.988005561035
65-74 years,2022,1,2022-01-08,1033,843.030598128744,189.969401871256
65-74 years,2022,2,2022-01-15,1133,867.519739091951,265.480260908049
65-74 years,2022,3,2022-01-22,1160,881.020075811456,278.979924188544
65-74 years,2022,4,2022-01-29,1208,893.027483757087,314.972516242913
65-74 years,2022,5,2022-02-05,1212,919.026810304834,292.973189695166
65-74 years,2022,6,2022-02-12,1097,881.514351479669,215.485648520331
65-74 years,2022,7,2022-02-19,1117,890.770244165537,226.229755834463
65-74 years,2022,8,2022-02-26,990,878.766876915256,111.233123084744
65-74 years,2022,9,2022-03-05,943,912.013341302717,30.9866586972826
65-74 years,2022,10,2022-03-12,974,907.023443051344,66.9765569486559
65-74 years,2022,11,2022-03-19,947,883.145169353392,63.8548306466078
65-74 years,2022,12,2022-03-26,904,862.933547500335,41.066452499665
65-74 years,2022,13,2022-04-02,880,900.429103482895,-20.4291034828946
65-74 years,2022,14,2022-04-09,870,904.148827667057,-34.1488276670569
65-74 years,2022,15,2022-04-16,850,878.831152801613,-28.8311528016134
65-74 years,2022,16,2022-04-23,815,827.524405223983,-12.5244052239832
65-74 years,2022,17,2022-04-30,879,871.324129982968,7.67587001703237
65-74 years,2022,18,2022-05-07,875,848.958451435624,26.0415485643763
65-74 years,2022,19,2022-05-14,895,831.171756814221,63.8282431857787
65-74 years,2022,20,2022-05-21,859,848.05323961147,10.9467603885302
75-84 years,2020,11,2020-03-14,1134,1134.26136230522,-0.261362305221155
75-84 years,2020,12,2020-03-21,1169,1132.53375025025,36.4662497497468
75-84 years,2020,13,2020-03-28,1111,1152.39291204077,-41.3929120407649
75-84 years,2020,14,2020-04-04,1136,1086.72967857729,49.2703214227058
75-84 years,2020,15,2020-04-11,1165,1074.1778070579,90.8221929421004
75-84 years,2020,16,2020-04-18,1130,1071.36720005517,58.6327999448308
75-84 years,2020,17,2020-04-25,1180,1061.82038909449,118.179610905505
75-84 years,2020,18,2020-05-02,1022,998.78541887954,23.2145811204605
75-84 years,2020,19,2020-05-09,1132,1046.41755071283,85.5824492871693
75-84 years,2020,20,2020-05-16,1032,1024.31820837634,7.68179162365595
75-84 years,2020,21,2020-05-23,1093,975.658490053833,117.341509946167
75-84 years,2020,22,2020-05-30,1042,1011.3509392862,30.6490607138037
75-84 years,2020,23,2020-06-06,1068,1011.17725117674,56.822748823261
75-84 years,2020,24,2020-06-13,1025,975.633115106628,49.3668848933719
75-84 years,2020,25,2020-06-20,1067,974.088556562918,92.911443437082
75-84 years,2020,26,2020-06-27,1077,965.200766510122,111.799233489878
75-84 years,2020,27,2020-07-04,1145,1010.30940577965,134.690594220352
75-84 years,2020,28,2020-07-11,1283,977.444712658274,305.555287341727
75-84 years,2020,29,2020-07-18,1429,946.555187531777,482.444812468223
75-84 years,2020,30,2020-07-25,1464,934.518594324926,529.481405675074
75-84 years,2020,31,2020-08-01,1510,965.004735614873,544.995264385127
75-84 years,2020,32,2020-08-08,1449,975.677229400004,473.322770599996
75-84 years,2020,33,2020-08-15,1432,907.745240840837,524.254759159163
75-84 years,2020,34,2020-08-22,1357,974.199711052015,382.800288947985
75-84 years,2020,35,2020-08-29,1268,956.15463477866,311.84536522134
75-84 years,2020,36,2020-09-05,1196,940.918497016895,255.081502983105
75-84 years,2020,37,2020-09-12,1148,978.908648175525,169.091351824475
75-84 years,2020,38,2020-09-19,1182,975.296968392191,206.703031607809
75-84 years,2020,39,2020-09-26,1061,987.753052895427,73.2469471045731
75-84 years,2020,40,2020-10-03,1102,979.710511591806,122.289488408194
75-84 years,2020,41,2020-10-10,1101,984.115518164166,116.884481835834
75-84 years,2020,42,2020-10-17,1122,979.218140161546,142.781859838454
75-84 years,2020,43,2020-10-24,1122,999.693694125425,122.306305874575
75-84 years,2020,44,2020-10-31,1096,1007.37537384144,88.6246261585636
75-84 years,2020,45,2020-11-07,1093,1002.37577825255,90.6242217474539
75-84 years,2020,46,2020-11-14,1166,1046.89496201728,119.105037982719
75-84 years,2020,47,2020-11-21,1181,1047.3372147102,133.662785289799
75-84 years,2020,48,2020-11-28,1202,1039.11890675027,162.88109324973
75-84 years,2020,49,2020-12-05,1238,1114.0323576708,123.967642329205
75-84 years,2020,50,2020-12-12,1339,1075.98567922376,263.014320776239
75-84 years,2020,51,2020-12-19,1259,1037.86772175748,221.132278242517
75-84 years,2020,52,2020-12-26,1346,1095.19518426731,250.804815732692
75-84 years,2020,53,2021-01-02,1477,1095.19518426731,381.804815732692
75-84 years,2021,2,2021-01-16,1639,1140.41194150422,498.588058495778
75-84 years,2021,3,2021-01-23,1531,1117.71028671404,413.289713285964
75-84 years,2021,4,2021-01-30,1504,1147.84383881665,356.156161183348
75-84 years,2021,5,2021-02-06,1491,1111.97196645266,379.028033547337
75-84 years,2021,6,2021-02-13,1449,1160.9682561281,288.031743871903
75-84 years,2021,7,2021-02-20,1276,1136.85070650614,139.149293493863
75-84 years,2021,8,2021-02-27,1283,1132.83990727856,150.160092721442
75-84 years,2021,9,2021-03-06,1267,1120.96054610883,146.039453891175
75-84 years,2021,10,2021-03-13,1228,1125.21202852835,102.787971471648
75-84 years,2021,11,2021-03-20,1180,1124.79915890853,55.2008410914668
75-84 years,2021,12,2021-03-27,1229,1132.85393369427,96.1460663057292
75-84 years,2021,13,2021-04-03,1182,1188.29307454375,-6.29307454374839
75-84 years,2021,14,2021-04-10,1150,1112.52807576391,37.4719242360943
75-84 years,2021,15,2021-04-17,1195,1098.69074894213,96.3092510578713
75-84 years,2021,16,2021-04-24,1230,1102.03871983431,127.961280165689
75-84 years,2021,17,2021-05-01,1120,1099.03431263172,20.9656873682786
75-84 years,2021,18,2021-05-08,1170,1044.36327844724,125.636721552758
75-84 years,2021,19,2021-05-15,1146,1103.66687205705,42.3331279429531
75-84 years,2021,20,2021-05-22,1190,1060.72524986712,129.274750132879
75-84 years,2021,21,2021-05-29,1107,1031.72431639238,75.2756836076239
75-84 years,2021,22,2021-06-05,1085,1043.03072014078,41.9692798592155
75-84 years,2021,23,2021-06-12,1087,1044.51102538642,42.4889746135848
75-84 years,2021,24,2021-06-19,1143,1011.33779365775,131.662206342248
75-84 years,2021,25,2021-06-26,1113,1019.47589559031,93.5241044096916
75-84 years,2021,26,2021-07-03,1126,1005.8301565833,120.169843416702
75-84 years,2021,27,2021-07-10,1123,1013.80885432598,109.191145674018
75-84 years,2021,28,2021-07-17,1035,1008.02781629609,26.9721837039123
75-84 years,2021,29,2021-07-24,1204,975.515832893126,228.484167106874
75-84 years,2021,30,2021-07-31,1292,976.554492246431,315.445507753569
75-84 years,2021,31,2021-08-07,1430,1001.04476667364,428.955233326355
75-84 years,2021,32,2021-08-14,1536,996.224881233853,539.775118766147
75-84 years,2021,33,2021-08-21,1755,937.135799422209,817.864200577791
75-84 years,2021,34,2021-08-28,1654,999.699015969066,654.300984030934
75-84 years,2021,35,2021-09-04,1689,969.668514702351,719.331485297649
75-84 years,2021,36,2021-09-11,1581,961.344579589304,619.655420410696
75-84 years,2021,37,2021-09-18,1439,989.419038171028,449.580961828972
75-84 years,2021,38,2021-09-25,1360,1000.22554328085,359.774456719153
75-84 years,2021,39,2021-10-02,1323,1000.43352126403,322.566478735968
75-84 years,2021,40,2021-10-09,1196,997.634724085162,198.365275914838
75-84 years,2021,41,2021-10-16,1177,1019.58176845295,157.418231547049
75-84 years,2021,42,2021-10-23,1138,1010.97525562022,127.024744379776
75-84 years,2021,43,2021-10-30,1142,1004.57139623022,137.42860376978
75-84 years,2021,44,2021-11-06,1120,1050.53737851386,69.4626214861378
75-84 years,2021,45,2021-11-13,1118,1030.91643302375,87.0835669762466
75-84 years,2021,46,2021-11-20,1166,1079.34156624408,86.658433755925
75-84 years,2021,47,2021-11-27,1066,1097.30643342362,-31.3064334236183
75-84 years,2021,48,2021-12-04,1196,1078.23633109269,117.763668907308
75-84 years,2021,49,2021-12-11,1129,1134.91885501482,-5.91885501482193
75-84 years,2021,50,2021-12-18,1220,1127.70453920386,92.2954607961358
75-84 years,2021,51,2021-12-25,1156,1072.416501324,83.583498675996
75-84 years,2021,52,2022-01-01,1241,1119.65173003806,121.348269961941
75-84 years,2022,1,2022-01-08,1362,1099.58368205358,262.416317946419
75-84 years,2022,2,2022-01-15,1493,1175.19881032058,317.801189679423
75-84 years,2022,3,2022-01-22,1596,1155.47446466563,440.525535334366
75-84 years,2022,4,2022-01-29,1660,1184.49401643008,475.505983569917
75-84 years,2022,5,2022-02-05,1621,1122.96894967449,498.031050325505
75-84 years,2022,6,2022-02-12,1528,1172.48942113151,355.510578868494
75-84 years,2022,7,2022-02-19,1471,1162.53192866032,308.468071339685
75-84 years,2022,8,2022-02-26,1321,1183.59102022434,137.408979775664
75-84 years,2022,9,2022-03-05,1276,1164.33831627247,111.661683727528
75-84 years,2022,10,2022-03-12,1240,1184.12363552111,55.8763644788869
75-84 years,2022,11,2022-03-19,1196,1172.05292084802,23.9470791519766
75-84 years,2022,12,2022-03-26,1225,1174.99962761192,50.0003723880784
75-84 years,2022,13,2022-04-02,1244,1211.85994302077,32.1400569792347
75-84 years,2022,14,2022-04-09,1129,1141.36978429949,-12.3697842994909
75-84 years,2022,15,2022-04-16,1147,1128.2036732219,18.7963267781029
75-84 years,2022,16,2022-04-23,1138,1128.33580017363,9.66419982636853
75-84 years,2022,17,2022-04-30,1164,1121.91512491541,42.0848750845912
75-84 years,2022,18,2022-05-07,1170,1062.87667161703,107.123328382972
75-84 years,2022,19,2022-05-14,1127,1116.08575373749,10.914246262508
75-84 years,2022,20,2022-05-21,1132,1084.02734765074,47.9726523492577
85 years and older,2020,11,2020-03-14,1398,1431.44232982848,-33.442329828478
85 years and older,2020,12,2020-03-21,1318,1460.64762825655,-142.647628256552
85 years and older,2020,13,2020-03-28,1433,1380.63296569695,52.3670343030456
85 years and older,2020,14,2020-04-04,1360,1348.53218960393,11.4678103960657
85 years and older,2020,15,2020-04-11,1363,1327.31641747679,35.683582523207
85 years and older,2020,16,2020-04-18,1376,1312.07954781105,63.9204521889469
85 years and older,2020,17,2020-04-25,1446,1301.51370234966,144.486297650343
85 years and older,2020,18,2020-05-02,1349,1313.1541392707,35.8458607293044
85 years and older,2020,19,2020-05-09,1326,1259.33026622308,66.6697337769238
85 years and older,2020,20,2020-05-16,1366,1303.6090794961,62.3909205039015
85 years and older,2020,21,2020-05-23,1341,1226.50499894837,114.495001051634
85 years and older,2020,22,2020-05-30,1307,1248.06301802206,58.9369819779367
85 years and older,2020,23,2020-06-06,1320,1203.90693124799,116.093068752012
85 years and older,2020,24,2020-06-13,1299,1204.3215021355,94.6784978644978
85 years and older,2020,25,2020-06-20,1355,1220.01684162046,134.983158379542
85 years and older,2020,26,2020-06-27,1424,1179.41470015278,244.585299847216
85 years and older,2020,27,2020-07-04,1416,1251.27858429466,164.721415705344
85 years and older,2020,28,2020-07-11,1558,1151.85721999129,406.142780008708
85 years and older,2020,29,2020-07-18,1714,1200.47085162666,513.529148373337
85 years and older,2020,30,2020-07-25,1822,1175.72505513875,646.274944861246
85 years and older,2020,31,2020-08-01,1769,1195.33526180438,573.664738195618
85 years and older,2020,32,2020-08-08,1686,1170.69988295103,515.300117048971
85 years and older,2020,33,2020-08-15,1720,1134.79765392581,585.202346074193
85 years and older,2020,34,2020-08-22,1612,1135.73374398278,476.266256017224
85 years and older,2020,35,2020-08-29,1588,1154.51024958256,433.489750417436
85 years and older,2020,36,2020-09-05,1489,1144.91365776378,344.086342236219
85 years and older,2020,37,2020-09-12,1344,1189.74794485231,154.252055147695
85 years and older,2020,38,2020-09-19,1413,1154.33489214114,258.665107858864
85 years and older,2020,39,2020-09-26,1348,1172.11703845423,175.882961545768
85 years and older,2020,40,2020-10-03,1304,1176.27859083737,127.721409162629
85 years and older,2020,41,2020-10-10,1367,1208.52893901586,158.471060984142
85 years and older,2020,42,2020-10-17,1344,1164.01664839639,179.983351603606
85 years and older,2020,43,2020-10-24,1328,1150.43406354988,177.565936450121
85 years and older,2020,44,2020-10-31,1292,1206.52553647484,85.4744635251607
85 years and older,2020,45,2020-11-07,1297,1224.62926370033,72.3707362996727
85 years and older,2020,46,2020-11-14,1330,1243.82933790678,86.1706620932171
85 years and older,2020,47,2020-11-21,1360,1214.27303913898,145.726960861023
85 years and older,2020,48,2020-11-28,1390,1230.2555069642,159.744493035804
85 years and older,2020,49,2020-12-05,1469,1326.25070648166,142.749293518344
85 years and older,2020,50,2020-12-12,1591,1354.74255940086,236.257440599145
85 years and older,2020,51,2020-12-19,1530,1299.44635566308,230.553644336917
85 years and older,2020,52,2020-12-26,1592,1356.56476176647,235.43523823353
85 years and older,2020,53,2021-01-02,1780,1356.56476176647,423.43523823353
85 years and older,2021,2,2021-01-16,1773,1350.32702797022,422.672972029781
85 years and older,2021,3,2021-01-23,1779,1374.81866647955,404.181333520451
85 years and older,2021,4,2021-01-30,1685,1333.87565370593,351.124346294072
85 years and older,2021,5,2021-02-06,1735,1416.66564923,318.334350769997
85 years and older,2021,6,2021-02-13,1644,1391.91170627572,252.088293724281
85 years and older,2021,7,2021-02-20,1574,1393.74696411356,180.25303588644
85 years and older,2021,8,2021-02-27,1485,1347.84133392145,137.158666078547
85 years and older,2021,9,2021-03-06,1392,1337.25503848936,54.7449615106407
85 years and older,2021,10,2021-03-13,1371,1367.08045496408,3.91954503591637
85 years and older,2021,11,2021-03-20,1329,1371.49226690105,-42.4922669010452
85 years and older,2021,12,2021-03-27,1381,1425.50106784855,-44.5010678485505
85 years and older,2021,13,2021-04-03,1321,1370.39929256503,-49.3992925650257
85 years and older,2021,14,2021-04-10,1433,1346.93963879625,86.0603612037467
85 years and older,2021,15,2021-04-17,1256,1336.82297287189,-80.8229728718945
85 years and older,2021,16,2021-04-24,1323,1301.98471341329,21.0152865867099
85 years and older,2021,17,2021-05-01,1298,1295.01344142577,2.98655857423455
85 years and older,2021,18,2021-05-08,1320,1299.59425829547,20.4057417045299
85 years and older,2021,19,2021-05-15,1296,1272.04920447388,23.9507955261161
85 years and older,2021,20,2021-05-22,1311,1319.5245627097,-8.52456270969742
85 years and older,2021,21,2021-05-29,1285,1228.52643351974,56.4735664802602
85 years and older,2021,22,2021-06-05,1239,1248.35203649244,-9.35203649244363
85 years and older,2021,23,2021-06-12,1281,1193.21001488338,87.7899851166151
85 years and older,2021,24,2021-06-19,1276,1199.64290668174,76.3570933182573
85 years and older,2021,25,2021-06-26,1318,1229.38169784462,88.6183021553757
85 years and older,2021,26,2021-07-03,1269,1181.3716575509,87.6283424491023
85 years and older,2021,27,2021-07-10,1297,1244.64553002496,52.3544699750407
85 years and older,2021,28,2021-07-17,1298,1167.00605676104,130.993943238959
85 years and older,2021,29,2021-07-24,1394,1185.55660956761,208.443390432394
85 years and older,2021,30,2021-07-31,1397,1194.7481436946,202.251856305396
85 years and older,2021,31,2021-08-07,1637,1217.4121497293,419.587850270703
85 years and older,2021,32,2021-08-14,1656,1169.55478088117,486.445219118834
85 years and older,2021,33,2021-08-21,1766,1135.51433442514,630.485665574855
85 years and older,2021,34,2021-08-28,1790,1135.9910814237,654.008918576295
85 years and older,2021,35,2021-09-04,1655,1163.50368278008,491.496317219918
85 years and older,2021,36,2021-09-11,1624,1146.50627651484,477.49372348516
85 years and older,2021,37,2021-09-18,1622,1182.77379752603,439.226202473966
85 years and older,2021,38,2021-09-25,1525,1147.07158135087,377.928418649128
85 years and older,2021,39,2021-10-02,1418,1183.66747614131,234.332523858691
85 years and older,2021,40,2021-10-09,1420,1193.50387125068,226.496128749324
85 years and older,2021,41,2021-10-16,1398,1197.79383461331,200.20616538669
85 years and older,2021,42,2021-10-23,1327,1162.16007070157,164.839929298428
85 years and older,2021,43,2021-10-30,1336,1133.49509048331,202.504909516693
85 years and older,2021,44,2021-11-06,1266,1210.65354684222,55.346453157779
85 years and older,2021,45,2021-11-13,1327,1238.3010942699,88.6989057300975
85 years and older,2021,46,2021-11-20,1366,1267.95887425975,98.0411257402461
85 years and older,2021,47,2021-11-27,1301,1222.82899921553,78.1710007844702
85 years and older,2021,48,2021-12-04,1407,1234.97714048973,172.02285951027
85 years and older,2021,49,2021-12-11,1365,1327.13215914979,37.8678408502124
85 years and older,2021,50,2021-12-18,1286,1363.06335149025,-77.0633514902493
85 years and older,2021,51,2021-12-25,1300,1317.50450105538,-17.5045010553822
85 years and older,2021,52,2022-01-01,1398,1394.71931813829,3.28068186171026
85 years and older,2022,1,2022-01-08,1579,1352.03954614305,226.960453856954
85 years and older,2022,2,2022-01-15,1835,1377.07337102291,457.926628977093
85 years and older,2022,3,2022-01-22,1942,1391.24906088385,550.750939116153
85 years and older,2022,4,2022-01-29,1904,1334.91992749274,569.080072507259
85 years and older,2022,5,2022-02-05,1841,1416.36920560105,424.630794398947
85 years and older,2022,6,2022-02-12,1736,1412.61116497165,323.388835028353
85 years and older,2022,7,2022-02-19,1615,1396.28769414554,218.712305854457
85 years and older,2022,8,2022-02-26,1490,1363.77257512053,126.22742487947
85 years and older,2022,9,2022-03-05,1411,1352.98641318757,58.0135868124291
85 years and older,2022,10,2022-03-12,1379,1398.73111759087,-19.7311175908737
85 years and older,2022,11,2022-03-19,1323,1400.27702447883,-77.2770244788324
85 years and older,2022,12,2022-03-26,1276,1442.38153506389,-166.381535063892
85 years and older,2022,13,2022-04-02,1360,1375.32305235607,-15.3230523560737
85 years and older,2022,14,2022-04-09,1297,1347.71560117852,-50.7156011785187
85 years and older,2022,15,2022-04-16,1248,1332.27161463682,-84.2716146368175
85 years and older,2022,16,2022-04-23,1325,1306.83929930247,18.1607006975351
85 years and older,2022,17,2022-04-30,1323,1298.14225878065,24.8577412193526
85 years and older,2022,18,2022-05-07,1301,1306.11031962602,-5.1103196260226
85 years and older,2022,19,2022-05-14,1275,1265.95340325003,9.0465967499706
85 years and older,2022,20,2022-05-21,1323,1311.89415435995,11.1058456400458
Under 25 years,2020,11,2020-03-14,94,74.2765517136778,19.7234482863223
Under 25 years,2020,12,2020-03-21,79,74.9566445978346,4.04335540216542
Under 25 years,2020,13,2020-03-28,86,75.0016525288963,10.9983474711038
Under 25 years,2020,14,2020-04-04,79,75.0046311130068,3.99536888699321
Under 25 years,2020,15,2020-04-11,92,75.0048282330053,16.9951717669947
Under 25 years,2020,16,2020-04-18,70,75.0048412782283,-5.00484127822826
Under 25 years,2020,17,2020-04-25,87,75.0048421415493,11.9951578584507
Under 25 years,2020,18,2020-05-02,77,75.0048421986831,1.99515780131691
Under 25 years,2020,19,2020-05-09,88,75.0048422024642,12.9951577975358
Under 25 years,2020,20,2020-05-16,77,75.0048422027144,1.99515779728561
Under 25 years,2020,21,2020-05-23,70,75.0048422027309,-5.00484220273094
Under 25 years,2020,22,2020-05-30,76,75.004842202732,0.995157797267964
Under 25 years,2020,23,2020-06-06,94,75.0048422027321,18.9951577972679
Under 25 years,2020,24,2020-06-13,82,75.0048422027321,6.99515779726789
Under 25 years,2020,25,2020-06-20,90,75.0048422027321,14.9951577972679
Under 25 years,2020,26,2020-06-27,92,75.0048422027321,16.9951577972679
Under 25 years,2020,27,2020-07-04,89,75.0048422027321,13.9951577972679
Under 25 years,2020,28,2020-07-11,68,75.0048422027321,-7.00484220273211
Under 25 years,2020,29,2020-07-18,90,75.0048422027321,14.9951577972679
Under 25 years,2020,30,2020-07-25,71,75.0048422027321,-4.00484220273211
Under 25 years,2020,31,2020-08-01,87,75.0048422027321,11.9951577972679
Under 25 years,2020,32,2020-08-08,70,75.0048422027321,-5.00484220273211
Under 25 years,2020,33,2020-08-15,75,75.0048422027321,-0.00484220273210667
Under 25 years,2020,34,2020-08-22,72,75.0048422027321,-3.00484220273211
Under 25 years,2020,35,2020-08-29,75,75.0048422027321,-0.00484220273210667
Under 25 years,2020,36,2020-09-05,83,75.0048422027321,7.99515779726789
Under 25 years,2020,37,2020-09-12,84,75.0048422027321,8.99515779726789
Under 25 years,2020,38,2020-09-19,87,75.0048422027321,11.9951577972679
Under 25 years,2020,39,2020-09-26,70,75.0048422027321,-5.00484220273211
Under 25 years,2020,40,2020-10-03,79,75.0048422027321,3.99515779726789
Under 25 years,2020,41,2020-10-10,91,75.0048422027321,15.9951577972679
Under 25 years,2020,42,2020-10-17,76,75.0048422027321,0.995157797267893
Under 25 years,2020,43,2020-10-24,70,75.0048422027321,-5.00484220273211
Under 25 years,2020,44,2020-10-31,70,75.0048422027321,-5.00484220273211
Under 25 years,2020,45,2020-11-07,80,75.0048422027321,4.99515779726789
Under 25 years,2020,46,2020-11-14,79,75.0048422027321,3.99515779726789
Under 25 years,2020,47,2020-11-21,77,75.0048422027321,1.99515779726789
Under 25 years,2020,48,2020-11-28,85,75.0048422027321,9.99515779726789
Under 25 years,2020,49,2020-12-05,76,75.0048422027321,0.995157797267893
Under 25 years,2020,50,2020-12-12,57,75.0048422027321,-18.0048422027321
Under 25 years,2020,51,2020-12-19,57,75.0048422027321,-18.0048422027321
Under 25 years,2020,52,2020-12-26,63,75.0048422027321,-12.0048422027321
Under 25 years,2020,53,2021-01-02,69,75.0048422027321,-6.00484220273211
Under 25 years,2021,2,2021-01-16,62,75.0048422027321,-13.0048422027321
Under 25 years,2021,3,2021-01-23,73,75.0048422027321,-2.00484220273211
Under 25 years,2021,4,2021-01-30,73,75.0048422027321,-2.00484220273211
Under 25 years,2021,5,2021-02-06,79,75.0048422027321,3.99515779726789
Under 25 years,2021,6,2021-02-13,83,75.0048422027321,7.99515779726789
Under 25 years,2021,7,2021-02-20,91,75.0048422027321,15.9951577972679
Under 25 years,2021,8,2021-02-27,78,75.0048422027321,2.99515779726789
Under 25 years,2021,9,2021-03-06,77,75.0048422027321,1.99515779726789
Under 25 years,2021,10,2021-03-13,71,75.0048422027321,-4.00484220273211
Under 25 years,2021,11,2021-03-20,83,75.0048422027321,7.99515779726789
Under 25 years,2021,12,2021-03-27,78,75.0048422027321,2.99515779726789
Under 25 years,2021,13,2021-04-03,70,75.0048422027321,-5.00484220273211
Under 25 years,2021,14,2021-04-10,66,75.0048422027321,-9.00484220273211
Under 25 years,2021,15,2021-04-17,86,75.0048422027321,10.9951577972679
Under 25 years,2021,16,2021-04-24,83,75.0048422027321,7.99515779726789
Under 25 years,2021,17,2021-05-01,86,75.0048422027321,10.9951577972679
Under 25 years,2021,18,2021-05-08,89,75.0048422027321,13.9951577972679
Under 25 years,2021,19,2021-05-15,99,75.0048422027321,23.9951577972679
Under 25 years,2021,20,2021-05-22,74,75.0048422027321,-1.00484220273211
Under 25 years,2021,21,2021-05-29,92,75.0048422027321,16.9951577972679
Under 25 years,2021,22,2021-06-05,101,75.0048422027321,25.9951577972679
Under 25 years,2021,23,2021-06-12,83,75.0048422027321,7.99515779726789
Under 25 years,2021,24,2021-06-19,84,75.0048422027321,8.99515779726789
Under 25 years,2021,25,2021-06-26,94,75.0048422027321,18.9951577972679
Under 25 years,2021,26,2021-07-03,76,75.0048422027321,0.995157797267893
Under 25 years,2021,27,2021-07-10,92,75.0048422027321,16.9951577972679
Under 25 years,2021,28,2021-07-17,92,75.0048422027321,16.9951577972679
Under 25 years,2021,29,2021-07-24,100,75.0048422027321,24.9951577972679
Under 25 years,2021,30,2021-07-31,98,75.0048422027321,22.9951577972679
Under 25 years,2021,31,2021-08-07,76,75.0048422027321,0.995157797267893
Under 25 years,2021,32,2021-08-14,92,75.0048422027321,16.9951577972679
Under 25 years,2021,33,2021-08-21,82,75.0048422027321,6.99515779726789
Under 25 years,2021,34,2021-08-28,103,75.0048422027321,27.9951577972679
Under 25 years,2021,35,2021-09-04,104,75.0048422027321,28.9951577972679
Under 25 years,2021,36,2021-09-11,89,75.0048422027321,13.9951577972679
Under 25 years,2021,37,2021-09-18,86,75.0048422027321,10.9951577972679
Under 25 years,2021,38,2021-09-25,90,75.0048422027321,14.9951577972679
Under 25 years,2021,39,2021-10-02,92,75.0048422027321,16.9951577972679
Under 25 years,2021,40,2021-10-09,82,75.0048422027321,6.99515779726789
Under 25 years,2021,41,2021-10-16,90,75.0048422027321,14.9951577972679
Under 25 years,2021,42,2021-10-23,71,75.0048422027321,-4.00484220273211
Under 25 years,2021,43,2021-10-30,88,75.0048422027321,12.9951577972679
Under 25 years,2021,44,2021-11-06,91,75.0048422027321,15.9951577972679
Under 25 years,2021,45,2021-11-13,86,75.0048422027321,10.9951577972679
Under 25 years,2021,46,2021-11-20,82,75.0048422027321,6.99515779726789
Under 25 years,2021,47,2021-11-27,83,75.0048422027321,7.99515779726789
Under 25 years,2021,48,2021-12-04,68,75.0048422027321,-7.00484220273211
Under 25 years,2021,49,2021-12-11,73,75.0048422027321,-2.00484220273211
Under 25 years,2021,50,2021-12-18,75,75.0048422027321,-0.00484220273210667
Under 25 years,2021,51,2021-12-25,70,75.0048422027321,-5.00484220273211
Under 25 years,2021,52,2022-01-01,93,75.0048422027321,17.9951577972679
Under 25 years,2022,1,2022-01-08,99,75.0048422027321,23.9951577972679
Under 25 years,2022,2,2022-01-15,82,75.0048422027321,6.99515779726789
Under 25 years,2022,3,2022-01-22,96,75.0048422027321,20.9951577972679
Under 25 years,2022,4,2022-01-29,79,75.0048422027321,3.99515779726789
Under 25 years,2022,5,2022-02-05,75,75.0048422027321,-0.00484220273210667
Under 25 years,2022,6,2022-02-12,80,75.0048422027321,4.99515779726789
Under 25 years,2022,7,2022-02-19,62,75.0048422027321,-13.0048422027321
Under 25 years,2022,8,2022-02-26,84,75.0048422027321,8.99515779726789
Under 25 years,2022,9,2022-03-05,89,75.0048422027321,13.9951577972679
Under 25 years,2022,10,2022-03-12,64,75.0048422027321,-11.0048422027321
Under 25 years,2022,11,2022-03-19,66,75.0048422027321,-9.00484220273211
Under 25 years,2022,12,2022-03-26,71,75.0048422027321,-4.00484220273211
Under 25 years,2022,13,2022-04-02,74,75.0048422027321,-1.00484220273211
Under 25 years,2022,14,2022-04-09,66,75.0048422027321,-9.00484220273211
Under 25 years,2022,15,2022-04-16,74,75.0048422027321,-1.00484220273211
Under 25 years,2022,16,2022-04-23,73,75.0048422027321,-2.00484220273211
Under 25 years,2022,17,2022-04-30,74,75.0048422027321,-1.00484220273211
Under 25 years,2022,18,2022-05-07,67,75.0048422027321,-8.00484220273211
Under 25 years,2022,19,2022-05-14,61,75.0048422027321,-14.0048422027321
Under 25 years,2022,20,2022-05-21,70,75.0048422027321,-5.00484220273211
All age,2020,11,2020-03-14,4435,4474.01846630266,-39.018466302663
All age,2020,12,2020-03-21,4362,4429.83922463373,-67.8392246337326
All age,2020,13,2020-03-28,4461,4447.06628251605,13.9337174839511
All age,2020,14,2020-04-04,4497,4376.4190049468,120.580995053198
All age,2020,15,2020-04-11,4544,4318.48903496784,225.510965032161
All age,2020,16,2020-04-18,4415,4208.56875498235,206.431245017655
All age,2020,17,2020-04-25,4555,4160.0861717383,394.913828261701
All age,2020,18,2020-05-02,4352,4158.29593863968,193.704061360322
All age,2020,19,2020-05-09,4407,4131.87421157373,275.125788426271
All age,2020,20,2020-05-16,4279,4084.18012238914,194.819877610859
All age,2020,21,2020-05-23,4360,3942.48907295899,417.51092704101
All age,2020,22,2020-05-30,4211,4060.1729911976,150.827008802398
All age,2020,23,2020-06-06,4265,4077.35416963828,187.645830361716
All age,2020,24,2020-06-13,4253,3946.66272608794,306.33727391206
All age,2020,25,2020-06-20,4407,3998.96683298924,408.033167010756
All age,2020,26,2020-06-27,4502,3907.27967060538,594.720329394619
All age,2020,27,2020-07-04,4724,4072.93956537569,651.060434624315
All age,2020,28,2020-07-11,5084,3907.07555299123,1176.92444700877
All age,2020,29,2020-07-18,5508,3858.54817062047,1649.45182937953
All age,2020,30,2020-07-25,5702,3865.05022344442,1836.94977655558
All age,2020,31,2020-08-01,5791,3908.10116956221,1882.89883043779
All age,2020,32,2020-08-08,5582,3822.64777842208,1759.35222157792
All age,2020,33,2020-08-15,5509,3724.09016765012,1784.90983234988
All age,2020,34,2020-08-22,5202,3817.50869786303,1384.49130213697
All age,2020,35,2020-08-29,5015,3819.09251153159,1195.90748846841
All age,2020,36,2020-09-05,4758,3809.98828223227,948.011717767731
All age,2020,37,2020-09-12,4511,3906.80641246631,604.193587533691
All age,2020,38,2020-09-19,4667,3881.58547713208,785.414522867921
All age,2020,39,2020-09-26,4444,3862.2051720853,581.794827914699
All age,2020,40,2020-10-03,4346,3911.54566367339,434.454336326607
All age,2020,41,2020-10-10,4523,3934.77943416116,588.220565838839
All age,2020,42,2020-10-17,4387,3842.46710775359,544.53289224641
All age,2020,43,2020-10-24,4335,3906.45623743437,428.543762565634
All age,2020,44,2020-10-31,4265,3929.14016444069,335.859835559311
All age,2020,45,2020-11-07,4305,4016.58213555646,288.41786444354
All age,2020,46,2020-11-14,4487,4130.72186855329,356.278131446708
All age,2020,47,2020-11-21,4560,4079.55359970624,480.446400293762
All age,2020,48,2020-11-28,4632,4101.47183133429,530.528168665715
All age,2020,49,2020-12-05,4908,4297.38466458394,610.615335416056
All age,2020,50,2020-12-12,5084,4352.57560216168,731.424397838323
All age,2020,51,2020-12-19,4944,4176.38269455333,767.617305446668
All age,2020,52,2020-12-26,5137,4356.86985186589,780.130148134107
All age,2020,53,2021-01-02,5709,4356.86985186589,1352.13014813411
All age,2021,2,2021-01-16,5922,4419.74027395877,1502.25972604123
All age,2021,3,2021-01-23,5662,4406.1282313037,1255.8717686963
All age,2021,4,2021-01-30,5490,4397.16598483386,1092.83401516614
All age,2021,5,2021-02-06,5569,4491.11524813305,1077.88475186695
All age,2021,6,2021-02-13,5460,4465.12154053573,994.878459464269
All age,2021,7,2021-02-20,5119,4430.63668207564,688.363317924359
All age,2021,8,2021-02-27,4894,4405.19392446893,488.806075531075
All age,2021,9,2021-03-06,4819,4454.86253068222,364.137469317784
All age,2021,10,2021-03-13,4635,4455.86691525772,179.133084742281
All age,2021,11,2021-03-20,4584,4448.95278082703,135.047219172972
All age,2021,12,2021-03-27,4731,4424.39694272622,306.603057273785
All age,2021,13,2021-04-03,4478,4511.56746107971,-33.5674610797114
All age,2021,14,2021-04-10,4699,4412.63583374666,286.364166253344
All age,2021,15,2021-04-17,4641,4406.61558511559,234.384414884415
All age,2021,16,2021-04-24,4716,4266.63494723714,449.365052762865
All age,2021,17,2021-05-01,4476,4251.26374228579,224.736257714212
All age,2021,18,2021-05-08,4591,4225.54628865378,365.453711346222
All age,2021,19,2021-05-15,4519,4238.40204089642,280.597959103578
All age,2021,20,2021-05-22,4576,4199.61644832174,376.383551678257
All age,2021,21,2021-05-29,4513,4052.53615030165,460.463849698349
All age,2021,22,2021-06-05,4379,4126.52865497162,252.471345028383
All age,2021,23,2021-06-12,4418,4146.95927249937,271.040727500634
All age,2021,24,2021-06-19,4381,4015.64422362506,365.355776374936
All age,2021,25,2021-06-26,4489,4082.57624366795,406.423756332052
All age,2021,26,2021-07-03,4396,3992.64616114379,403.353838856207
All age,2021,27,2021-07-10,4462,4102.71252360587,359.287476394135
All age,2021,28,2021-07-17,4493,4014.46029846165,478.539701538349
All age,2021,29,2021-07-24,4870,3933.77926775914,936.220732240859
All age,2021,30,2021-07-31,5324,3974.82974467239,1349.17025532761
All age,2021,31,2021-08-07,5977,4013.09097263957,1963.90902736043
All age,2021,32,2021-08-14,6638,3873.52767283728,2764.47232716272
All age,2021,33,2021-08-21,7165,3801.44568069226,3363.55431930774
All age,2021,34,2021-08-28,7347,3910.86724168212,3436.13275831788
All age,2021,35,2021-09-04,7182,3881.1975095374,3300.8024904626
All age,2021,36,2021-09-11,6792,3877.38492768122,2914.61507231878
All age,2021,37,2021-09-18,6283,3925.20573905714,2357.79426094286
All age,2021,38,2021-09-25,5845,3952.03333593809,1892.96666406191
All age,2021,39,2021-10-02,5492,3915.20215037474,1576.79784962526
All age,2021,40,2021-10-09,5104,3982.96558104799,1121.03441895201
All age,2021,41,2021-10-16,4922,4008.94721056812,913.052789431882
All age,2021,42,2021-10-23,4613,3909.15902396352,703.840976036482
All age,2021,43,2021-10-30,4587,3929.78786968601,657.212130313989
All age,2021,44,2021-11-06,4536,4017.43234293278,518.567657067219
All age,2021,45,2021-11-13,4546,4114.19456652302,431.805433476983
All age,2021,46,2021-11-20,4576,4220.1664700014,355.833529998605
All age,2021,47,2021-11-27,4343,4177.1796289504,165.820371049595
All age,2021,48,2021-12-04,4646,4183.88743279281,462.112567207194
All age,2021,49,2021-12-11,4624,4369.35784642476,254.642153575238
All age,2021,50,2021-12-18,4546,4450.66768957574,95.3323104242591
All age,2021,51,2021-12-25,4530,4272.66053655686,257.339463443137
All age,2021,52,2022-01-01,4869,4443.38467097727,425.615329022728
All age,2022,1,2022-01-08,5215,4391.67881907882,823.321180921179
All age,2022,2,2022-01-15,5750,4524.42549774434,1225.57450225566
All age,2022,3,2022-01-22,5994,4504.91005379155,1489.08994620845
All age,2022,4,2022-01-29,6109,4501.17179524477,1607.82820475523
All age,2022,5,2022-02-05,6006,4565.59953615377,1440.40046384623
All age,2022,6,2022-02-12,5675,4534.83739435633,1140.16260564367
All age,2022,7,2022-02-19,5418,4505.34902764719,912.650972352808
All age,2022,8,2022-02-26,5016,4519.19383511077,496.806164889233
All age,2022,9,2022-03-05,4774,4536.61540291819,237.384597081808
All age,2022,10,2022-03-12,4806,4595.75601217779,210.243987822215
All age,2022,11,2022-03-19,4567,4570.22456027753,-3.22456027752833
All age,2022,12,2022-03-26,4476,4536.31731560847,-60.3173156084649
All age,2022,13,2022-04-02,4587,4590.15672841664,-3.15672841664309
All age,2022,14,2022-04-09,4291,4504.7038257663,-213.703825766297
All age,2022,15,2022-04-16,4321,4473.94633380466,-152.946333804661
All age,2022,16,2022-04-23,4285,4348.29076584333,-63.2907658433251
All age,2022,17,2022-04-30,4354,4317.14054685436,36.8594531456411
All age,2022,18,2022-05-07,4346,4302.82545603817,43.1745439618298
All age,2022,19,2022-05-14,4303,4296.96377852372,6.03622147627539
All age,2022,20,2022-05-21,4355,4253.93289927364,101.067100726359
