OBJECTID_1,DEPCODE,FIPS,COUNTYNAME,County_1,County2,County3,State,CountyPopulation,NumPeopleTested,TPositive,TNegative,TInconc,TPending,T_Total_Re,T_LabPriva,T_LabDOH_R,T_LabPri_1,T_LabDOH_N,C_Female,C_Male,C_SexUnkn,C_AllResTy,C_Age_0_4,C_Age_5_14,C_Age_15_2,C_Age_25_3,C_Age_35_4,C_Age_45_5,C_Age_55_6,C_Age_65_7,C_Age_75_8,C_Age_85pl,C_Age_Unkn,C_AgeRange,C_AgeMedia,C_RaceWhit,C_RaceBlac,C_RaceOthe,C_RaceUnkn,C_Hispanic,C_Hispan_1,C_Hispan_2,C_EDYes_Re,C_EDYes_No,C_HospYesRES,C_HospYesNONRES,C_NonResDeaths,C_FLResDeaths,CasesAll,C_Men,C_Women,C_FLRes,C_NotFLRes,C_FLResOut,T_NegRes,T_NegNotFL,T_total,T_negative,T_positive,Anitbody_Positive,Antibody_Negative,Antibody_Inconclusive,Antibody_tested,Antibody_PctPos,Tests_AllSources,Postive_AllSources,Negative_Allsources,TestedPeople_AllSources,Percent_PopTest,Percent_PosTests,Percent_PositivePeople,Start,End_,M_ILI,M_COVID,M_PosTests,M_PctPos,D_ILI,D_COVID,D_PosTests,D_PctPos,P_ILI,P_COVID,P_PosTests,P_PctPos,Text_ILI,Text_COVID,Text_PosTests,Text_PctPos,C_LTCF_Cases,C_LTCF_Deaths,ALL_DEATHS,ALL_ER,ALL_HOSPITAL,Perc_ER,Perc_Hosp,Perc_Died,Cases_Yesterday,Deaths_Yesterday,C_deltaCases,C_DeltaDeaths,C_Pediatric_Cases,C_Pedia_ER,C_Pedia_Hosp,C_PrisonDeaths,C_Delta2,C_Trend1,C_Trend2,Timestamp1,C_LTCF_AllCases,C_PCR_Pos,C_Antigen_Pos,Schools2wk,SchoolsAll,NewPpl_Tested,NewPpl_Pos,NewPpl_Neg,NewPpl_Positivity,Y_casesall,Y_negall,Y_testedall,Y_PctPosAll,Y_CasesD7,Y_NegTestsD7,Y_testedD7,Y_PctPosD7,Vax1shot,Vax2shots,VaxCumulative,SHAPE_Length,SHAPE_Area
1,21,41,GILCHRIST,Gilchrist,Gilchrist,Gilchrist County,FL,17615,2688,1638,1045,1,4,2678,1407,226,2,3,867,745,21,1633,36,123,259,258,237,235,208,124,99,59,0,0 to 106,40,1289,100,56,188,132,1293,208,129,0,81,0,0,44,1638,748,869,1633,5,0,6933,0,8588,6933,1638,72,228,0,300,24,8888,1710,1273,2988,17,19.2,63.6,2021/05/16 05:00:00+00,2020/09/26 05:00:00+00,NO,NO,YES,YES,increased by,increased by,decreased by,decreased by,20,66.7,12.5,12.1,%,%,%,%,0,23,44,129,81,8,5,2.7,1638,44,0,0,246,14,1,1,143,0,0,2021/06/04 01:30:52+00,109,1250,388,,,6,0,6,0,246,1253,1499,16.4,1,16,17,5.88,14,3997,4615,1.42926667869267,0.0858306455792565
2,54,107,PUTNAM,Putnam,Putnam,Putnam County,FL,72766,11008,6733,4233,0,42,10934,4283,2426,16,8,3657,3026,26,6709,177,622,993,925,920,921,941,693,380,159,2,0 to 100,42,4462,1478,570,199,931,5463,315,835,3,595,3,1,160,6733,3040,3667,6709,24,0,27620,0,34365,27620,6733,346,908,0,1254,27.59,35619,7079,5141,12262,16.9,19.9,64.3,2021/05/16 05:00:00+00,2020/09/26 05:00:00+00,NO,NO,YES,YES,increased by,increased by,decreased by,decreased by,25,18.6,29.6,19.6,%,%,%,%,3,40,161,838,598,13,9,2.4,6727,160,6,1,1079,47,7,0,228,1,6,2021/06/04 01:30:52+00,479,5793,940,,31,24,6,18,25,1079,6177,7256,14.9,20,94,114,17.54,43,16980,21882,2.24642788306399,0.199542021102928
3,62,123,TAYLOR,Taylor,Taylor,Taylor County,FL,22098,4450,2753,1689,0,8,4433,2479,269,5,0,1101,1645,2,2748,37,124,328,506,537,443,382,237,119,40,0,0 to 98,41,1695,814,121,118,150,2397,201,198,0,101,0,0,48,2753,1647,1104,2748,5,0,8620,0,11400,8620,2753,259,281,0,540,47.96,11940,3012,1970,4990,22.6,25.2,67.7,2021/05/16 05:00:00+00,2020/09/26 05:00:00+00,NO,NO,YES,YES,increased by,decreased by,decreased by,decreased by,33.3,18.2,60,72.8,%,%,%,%,2,1,48,198,101,8,4,1.7,2753,48,0,0,237,8,4,5,788,0,0,2021/06/04 01:30:52+00,87,2220,533,1,32,14,0,14,0,237,1517,1754,13.5,0,51,51,0,29,5004,6260,2.58429377087002,0.25118054425108
4,46,91,OKALOOSA,Okaloosa,Okaloosa,Okaloosa County,FL,200737,34344,20910,13328,1,105,33879,19256,1414,224,16,10950,9577,143,20670,307,1341,3128,3876,3357,2791,2963,1731,916,465,35,0 to 103,40,15371,2022,2236,1041,1884,17209,1577,1133,17,743,19,6,367,20910,9703,11061,20669,240,1,74130,0,95113,74130,20910,3069,5899,2,8970,34.21,104083,23979,19227,43314,21.6,23,69.8,2021/05/16 05:00:00+00,2020/09/26 05:00:00+00,NO,NO,NO,YES,did not change,decreased by,increased by,increased by,,2.9,4,20.6,,%,%,%,12,167,373,1150,762,6,4,1.8,20896,373,14,0,2443,61,14,2,374,0,2,2021/06/04 01:30:52+00,1250,14320,6590,,,120,14,106,11.7,2434,11801,14235,17.1,20,178,198,10.1,267,58207,69253,3.21429589557048,0.223073367473112
5,7,13,CALHOUN,Calhoun,Calhoun,Calhoun County,FL,14444,2920,1707,1206,0,7,2910,1473,231,3,0,835,860,9,1704,33,117,221,234,240,235,232,196,125,74,0,0 to 99,45,1168,189,217,130,38,1436,230,134,2,57,2,0,45,1707,862,836,1704,3,0,6300,0,8018,6300,1707,193,231,0,424,45.52,8442,1900,1437,3344,23.2,22.5,65.1,2021/05/16 05:00:00+00,2020/09/26 05:00:00+00,NO,NO,YES,YES,increased by,increased by,decreased by,decreased by,116.7,8.3,40,25.4,%,%,%,%,4,18,45,136,59,8,4,2.6,1707,45,0,0,214,12,1,3,240,0,0,2021/06/04 01:30:52+00,256,1385,322,,,5,0,5,0,214,991,1205,17.8,0,11,11,0,8,3120,3595,1.881030493214,0.139649278797146
6,50,99,PALM BEACH,Palm Beach,Palm Beach,Palm Beach County,FL,1446277,232961,148813,83268,132,748,228712,143670,2470,2642,31,75736,69209,1195,146140,2905,9771,23304,27133,23023,22453,19393,10726,6221,3797,87,0 to 107,39,75250,21103,25779,24008,38657,76186,31297,9650,174,7048,130,55,2883,148813,70560,76984,146138,2673,2,764295,0,913907,764295,148813,28589,94186,25,122800,23.28,1036707,177402,177454,355761,24.6,17.1,76.2,2021/05/16 05:00:00+00,2020/09/26 05:00:00+00,YES,YES,YES,YES,decreased by,decreased by,decreased by,decreased by,15.1,23.1,24.8,16.3,%,%,%,%,205,1097,2938,9824,7178,7,5,2,148713,2936,100,2,17482,583,207,8,939,0,38,2021/06/04 01:30:52+00,6652,126607,22206,8,19,1294,100,1194,7.7,17304,102750,120054,14.4,261,2755,3016,8.65,1530,612147,749116,4.37197700737946,0.517626395282911
7,56,111,ST. LUCIE,St. Lucie,St. Lucie,St. Lucie County,FL,305591,45748,27541,17678,7,522,44882,27114,226,199,2,14937,12350,53,27340,514,1621,3889,4518,4245,4190,3820,2637,1442,656,9,0 to 104,42,13940,5634,3592,4174,6319,15703,5318,2829,26,1951,16,2,657,27541,12450,15038,27340,201,0,123763,0,151380,123763,27541,2947,8379,5,11331,26.01,162711,30488,26057,57079,18.7,18.7,66.6,2021/05/16 05:00:00+00,2020/09/26 05:00:00+00,NO,YES,YES,YES,increased by,decreased by,decreased by,decreased by,24.2,2.2,8.4,12.3,%,%,%,%,59,230,659,2855,1967,11,8,2.4,27497,659,44,0,3088,130,27,0,310,0,13,2021/06/04 01:30:52+00,1761,25180,2361,2,38,274,44,230,16.1,3082,16545,19627,15.7,72,649,721,9.99,266,114380,144645,2.40436561289127,0.136812390223616
8,51,101,PASCO,Pasco,Pasco,Pasco County,FL,510593,66380,42934,22907,6,533,65410,40908,1664,356,5,22774,19789,9,42572,744,2916,6286,6339,6481,6696,5688,4187,2576,1010,10,0 to 105,42,32138,2603,5237,2594,8400,28964,5208,4317,78,2960,55,10,802,42933,19947,22956,42572,361,0,209441,0,252500,209441,42933,7023,17700,0,24723,28.41,277223,49956,40607,91103,17.8,18,75.3,2021/05/16 05:00:00+00,2020/09/26 05:00:00+00,YES,YES,YES,YES,decreased by,decreased by,decreased by,decreased by,2.1,29.3,13.8,7.1,%,%,%,%,49,228,812,4395,3015,11,8,1.9,42914,810,19,2,5320,215,35,3,538,1,25,2021/06/04 01:30:52+00,2164,33908,9025,2,106,197,19,178,9.6,5304,34669,39973,13.3,92,891,983,9.36,380,196109,239425,2.21152383689072,0.181730911189788
9,20,39,GADSDEN,Gadsden,Gadsden,Gadsden County,FL,46017,9163,5778,3373,1,11,9120,5315,445,14,4,3027,2709,24,5760,166,498,804,863,979,952,797,437,203,79,0,0 to 98,40,1655,2870,973,262,946,4391,423,768,1,433,0,0,99,5778,2713,3041,5759,18,1,23277,0,29098,23277,5778,319,533,0,852,37.44,29950,6097,3906,10015,21.8,20.4,66.5,2021/05/16 05:00:00+00,2020/09/26 05:00:00+00,NO,NO,NO,YES,decreased by,decreased by,decreased by,decreased by,30.8,11.1,52.4,33.8,%,%,%,%,0,10,99,769,433,14,8,1.7,5771,99,7,0,859,32,6,0,372,0,0,2021/06/04 01:30:52+00,103,4506,1272,,,26,7,19,26.9,858,4198,5056,17,9,43,52,17.31,103,15894,18629,2.03339191048036,0.128633605825398
10,37,73,LEON,Leon,Leon,Leon County,FL,288102,49919,32852,17000,9,58,48696,31596,304,931,21,17619,14116,165,31900,938,1946,11772,5480,3961,3328,2830,1515,717,351,14,0 to 106,27,15176,10349,3797,2578,3010,24609,4281,1683,57,730,44,33,332,32852,14530,18147,31899,952,1,156018,0,189024,156018,32852,3542,6993,6,10541,33.6,199565,36394,23993,60460,21,18.2,72.9,2021/05/16 05:00:00+00,2020/09/26 05:00:00+00,NO,NO,YES,YES,decreased by,decreased by,decreased by,increased by,14.1,6.7,3.5,13.7,%,%,%,%,24,102,365,1740,774,6,3,1.1,32838,364,14,1,3832,105,16,0,841,0,6,2021/06/04 01:30:52+00,731,20861,11991,10,63,118,14,104,11.9,3762,23405,27167,13.8,100,332,432,23.15,281,105445,125248,2.42861632081805,0.170704044219456
11,33,65,JEFFERSON,Jefferson,Jefferson,Jefferson County,FL,14105,2659,1522,1132,2,3,2627,1313,183,22,4,685,807,4,1496,34,108,154,211,203,234,286,170,94,28,0,0 to 99,47,734,640,93,29,54,1366,76,141,3,86,0,0,28,1522,820,697,1496,26,0,6185,0,7724,6185,1522,134,303,0,437,30.66,8161,1656,1435,3096,21.9,20.3,62.3,2021/05/16 05:00:00+00,2020/09/26 05:00:00+00,YES,NO,NO,YES,did not change,did not change,increased by,increased by,,,166.7,115.9,,,%,%,0,12,28,144,86,10,6,1.8,1522,28,0,0,191,8,2,0,289,0,0,2021/06/04 01:30:52+00,122,1185,337,1,,1,0,1,0,187,980,1167,16,3,4,7,42.86,7,4949,5588,2.20493093758965,0.148496656262698
12,40,79,MADISON,Madison,Madison,Madison County,FL,18474,4027,2101,1911,0,15,3967,1490,582,27,2,1180,883,9,2072,69,177,283,293,269,340,281,221,110,57,1,0 to 101,43,895,1006,95,76,107,1774,191,285,4,89,2,2,45,2101,892,1197,2072,29,0,7807,0,9916,7807,2101,124,375,0,499,24.85,10415,2225,2286,4526,24.5,21.4,55.3,2021/05/16 05:00:00+00,2020/09/26 05:00:00+00,NO,NO,YES,YES,increased by,increased by,decreased by,decreased by,300,50,50,32.3,%,%,%,%,0,18,47,289,91,14,5,2.2,2097,47,4,0,334,19,3,3,184,0,0,2021/06/04 01:30:52+00,275,1866,235,1,,11,4,7,36.4,332,1676,2008,16.5,1,25,26,3.85,2,4970,5936,2.16969165145668,0.174026329986538
13,39,77,LIBERTY,Liberty,Liberty,Liberty County,FL,8365,3423,1084,2337,0,2,3420,917,166,1,0,429,648,6,1083,25,83,175,176,167,178,162,67,43,8,0,0 to 89,39,803,176,59,45,47,884,152,61,0,24,0,0,16,1084,648,430,1083,1,0,4223,0,5308,4223,1084,79,126,0,205,38.54,5513,1163,2463,3628,43.4,21.1,34,2021/05/16 05:00:00+00,2020/09/26 05:00:00+00,NO,YES,NO,YES,increased by,did not change,did not change,increased by,50,,,6.6,%,,,%,0,0,16,61,24,6,3,1.5,1084,16,0,0,163,2,0,3,285,0,0,2021/06/04 01:30:52+00,18,835,249,,,3,0,3,0,162,664,826,19.6,0,5,5,0,9,1843,2161,3.02097391913087,0.204641327161027
14,24,47,HAMILTON,Hamilton,Hamilton,Hamilton County,FL,14269,3649,1648,1999,0,2,3624,1305,323,11,9,702,912,14,1628,61,143,218,266,243,252,223,146,73,23,0,0 to 93,41,808,659,97,64,165,1269,194,216,3,82,0,0,25,1648,923,711,1628,20,0,6710,0,8362,6710,1648,43,210,0,253,17,8615,1691,2209,3902,27.3,19.6,46.3,2021/05/16 05:00:00+00,2020/09/26 05:00:00+00,NO,YES,NO,YES,increased by,did not change,increased by,increased by,80,,166.7,211.1,%,,%,%,0,1,25,219,82,14,5,1.5,1648,25,0,0,274,15,0,2,421,0,0,2021/06/04 01:30:52+00,56,1401,247,,1,8,0,8,0,268,1188,1456,18.4,1,14,15,6.67,28,3014,3405,2.30152367382367,0.126367835593449
15,3,5,BAY,Bay,Bay,Bay County,FL,182482,25524,20598,4843,1,82,24577,19424,344,820,10,10342,9128,298,19768,239,1035,2969,3455,3304,3248,3128,1915,953,346,6,0 to 101,42,12850,1879,1980,3059,1324,14864,3580,1575,64,891,30,19,394,20598,9561,10714,19768,830,0,74024,0,94698,74024,20598,2631,4272,1,6904,38.11,101602,23229,9115,32428,17.8,22.9,91,2021/05/16 05:00:00+00,2020/09/26 05:00:00+00,NO,YES,YES,YES,increased by,decreased by,decreased by,decreased by,55.9,4.7,21.7,8,%,%,%,%,3,92,413,1639,921,8,5,2,20584,413,14,0,2015,55,15,2,541,0,1,2021/06/04 01:30:52+00,789,12723,7875,,,107,14,93,13.1,1952,12284,14236,13.7,11,210,221,4.98,129,48315,57814,5.4226852055593,0.181027420618492
16,12,23,COLUMBIA,Columbia,Columbia,Columbia County,FL,69105,12605,8278,4316,1,10,12535,7610,622,42,4,3712,4481,39,8232,149,439,1077,1311,1333,1312,1218,837,434,167,1,0 to 102,43,5414,2014,356,448,446,7092,694,422,4,491,5,0,170,8278,4509,3729,8232,46,0,26563,0,34897,26563,8278,327,788,0,1115,29.33,36012,8605,5104,13720,19.9,23.9,68.3,2021/05/16 05:00:00+00,2020/09/26 05:00:00+00,NO,NO,NO,YES,increased by,increased by,increased by,increased by,17.1,17.8,25,44.3,%,%,%,%,16,52,170,426,496,6,6,2.1,8270,170,8,0,830,28,8,10,1680,0,1,2021/06/04 01:30:52+00,574,6914,1364,2,,49,8,41,16.3,827,4740,5567,14.9,3,109,112,2.68,42,15938,18409,2.6336786222078,0.193837653527401
17,2,3,BAKER,Baker,Baker,Baker County,FL,27785,5656,3547,2068,1,40,5550,3023,505,14,5,1574,1945,9,3528,38,139,462,651,661,589,502,315,136,54,0,0 to 103,42,2319,450,140,619,42,2468,1018,328,1,189,0,1,62,3547,1953,1585,3528,19,0,12399,0,15977,12399,3547,268,378,0,646,41.49,16623,3815,2446,6302,22.7,23,67.5,2021/05/16 05:00:00+00,2020/09/26 05:00:00+00,NO,NO,NO,YES,increased by,increased by,decreased by,decreased by,200,50,47.4,40,%,%,%,%,0,11,63,329,189,10,6,1.8,3541,63,6,0,290,18,1,1,703,0,2,2021/06/04 01:30:52+00,96,2710,837,,,26,6,20,23.1,285,1850,2135,13.3,1,32,33,3.03,20,4971,6498,1.77124518754573,0.142602237032425
18,30,59,HOLMES,Holmes,Holmes,Holmes County,FL,19430,3640,2284,1352,0,4,3595,1923,328,24,9,1195,1044,12,2251,25,141,310,361,326,382,319,232,128,60,0,0 to 101,44,1797,128,112,214,58,1843,350,140,0,95,0,0,49,2284,1057,1215,2251,33,0,6906,0,9202,6906,2284,234,383,0,617,37.93,9819,2518,1735,4257,21.9,25.6,69.2,2021/05/16 05:00:00+00,2020/09/26 05:00:00+00,YES,NO,YES,YES,decreased by,increased by,did not change,increased by,40,20,,70.2,%,%,,%,0,12,49,140,95,7,5,2.1,2285,49,-1,0,266,7,1,1,242,0,0,2021/06/04 01:30:52+00,159,1905,379,,,7,-1,8,0,263,951,1214,21.7,0,10,10,0,22,3606,4130,1.73644592802605,0.117992933785306
19,43,85,MARTIN,Martin,Martin,Martin County,FL,157581,23118,12738,10204,2,174,22617,12410,86,240,2,6442,5946,108,12496,198,692,1807,1861,1746,1891,1846,1315,909,471,2,0 to 106,45,7122,595,1774,3005,2538,6239,3719,1422,24,829,14,5,335,12738,6076,6550,12496,242,0,75019,0,87811,75019,12738,2163,7146,1,9310,23.23,97121,14901,17350,32428,20.6,15.3,64.5,2021/05/16 05:00:00+00,2020/09/26 05:00:00+00,YES,NO,NO,YES,decreased by,increased by,increased by,increased by,14.3,2.3,21.6,23.2,%,%,%,%,127,187,340,1446,843,12,7,2.7,12725,335,13,5,1318,66,9,1,101,0,7,2021/06/04 01:30:52+00,824,11864,874,,,119,13,106,10.9,1303,8131,9434,13.8,24,246,270,8.89,93,68089,82057,2.97866994294319,0.153458428232695
20,29,57,HILLSBOROUGH,Hillsborough,Hillsborough,Hillsborough County,FL,1378883,216816,143624,71602,17,1573,213620,140665,1731,1210,18,75383,64879,2134,142396,3459,10007,24831,27803,23099,21526,16392,8978,4732,2312,485,0 to 110,37,67824,17992,26898,29682,41082,62877,38437,5989,55,3230,29,23,1832,143624,65435,76001,142396,1228,0,665438,0,809716,665438,143624,21605,55157,17,76779,28.14,886495,165229,126759,293595,21.3,18.6,76.2,2021/05/16 05:00:00+00,2020/09/26 05:00:00+00,NO,NO,YES,YES,decreased by,decreased by,decreased by,decreased by,9,19.2,15.2,4.7,%,%,%,%,135,595,1855,6044,3259,5,3,1.3,143397,1853,227,2,18497,565,88,0,397,2,34,2021/06/04 01:30:52+00,4999,108544,35080,9,355,1078,227,851,21.1,18426,107904,126330,14.6,388,3464,3852,10.07,1644,487668,634029,3.45236136067134,0.251838052933839
21,41,81,MANATEE,Manatee,Manatee,Manatee County,FL,373853,58454,39965,18275,2,212,57111,38930,146,885,4,20492,18070,514,39076,1048,3157,6008,6097,5760,5722,5356,3826,2079,882,30,0 to 103,40,24446,3292,6589,4749,8793,21844,8439,1632,56,1552,48,14,689,39965,18504,20911,39076,889,0,210587,0,250656,210587,39965,5361,14104,4,19469,27.54,270125,45326,32379,77923,20.8,16.8,77.5,2021/05/16 05:00:00+00,2020/09/26 05:00:00+00,NO,NO,YES,YES,increased by,increased by,decreased by,decreased by,15.3,17.1,37.9,15,%,%,%,%,158,186,703,1688,1600,5,5,1.8,39938,702,27,1,5754,74,21,0,72,1,6,2021/06/04 01:30:52+00,1398,30340,9625,4,70,290,27,263,9.3,5698,33001,38699,14.7,77,590,667,11.54,213,156445,189087,3.59179695374727,0.177648040221836
22,10,19,CLAY,Clay,Clay,Clay County,FL,207291,31316,19297,11957,5,57,31184,18544,700,51,2,10328,8625,291,19244,262,1178,2880,2798,3132,3234,2782,1685,937,405,4,0 to 104,42,12766,2460,1437,2581,1779,13390,4075,2444,14,974,11,6,352,19297,8652,10354,19244,53,0,90694,0,110069,90694,19297,2113,5378,0,7491,28.21,117560,21410,17335,38807,18.7,18.2,68.4,2021/05/16 05:00:00+00,2020/09/26 05:00:00+00,NO,YES,NO,YES,did not change,decreased by,decreased by,increased by,,35.4,18.3,3.9,,%,%,%,134,127,358,2458,985,13,6,1.9,19275,358,22,0,2210,172,18,0,266,0,8,2021/06/04 01:30:52+00,973,14607,4690,2,35,116,22,94,19,2208,15335,17543,12.6,49,330,379,12.93,100,60623,72538,1.77574995700659,0.155892403664485
23,25,49,HARDEE,Hardee,Hardee,Hardee County,FL,27228,5400,3279,2115,1,5,5377,2380,884,12,3,1634,1596,34,3264,97,294,588,539,511,452,376,244,146,32,0,0 to 97,37,2307,204,467,286,1637,1255,372,382,5,229,5,1,45,3279,1605,1640,3264,15,0,11465,0,14752,11465,3279,243,454,0,697,34.86,15449,3522,2569,6097,22.4,22.8,65.2,2021/05/16 05:00:00+00,2020/09/26 05:00:00+00,YES,YES,NO,NO,decreased by,decreased by,decreased by,decreased by,9.1,11.1,34.7,36.1,%,%,%,%,0,2,46,387,234,12,8,1.4,3277,46,2,0,542,32,3,0,162,1,0,2021/06/04 01:30:52+00,94,2894,385,,45,9,2,7,22.2,542,2202,2744,19.8,7,43,50,14,83,5938,7570,1.60075687903153,0.1509730217858
24,42,83,MARION,Marion,Marion,Marion County,FL,348371,55498,31971,23362,1,164,55125,29697,2102,159,13,17973,13601,225,31799,467,1823,4053,4852,4842,4659,4522,3522,2234,984,13,0 to 106,44,22142,4276,2213,3168,4801,22780,4218,3408,30,2256,18,5,996,31971,13683,18059,31799,172,0,136844,0,168974,136844,31971,3247,10619,12,13878,23.4,182852,35218,33981,69376,19.9,19.3,63.5,2021/05/16 05:00:00+00,2020/09/26 05:00:00+00,NO,YES,YES,YES,decreased by,decreased by,decreased by,decreased by,21.4,11.4,12.9,6.8,%,%,%,%,25,318,1001,3438,2274,11,8,3.1,31957,997,14,4,3312,149,19,7,2349,0,14,2021/06/04 01:30:52+00,2095,28976,2995,2,77,150,14,136,9.3,3302,21284,24586,13.4,28,424,452,6.19,196,132380,155316,3.40272881336287,0.399426438971149
25,64,127,VOLUSIA,Volusia,Volusia,Volusia County,FL,527634,70592,44977,25279,1,335,69389,42740,1459,770,8,23264,20341,594,44199,790,2562,7206,7129,6059,6549,6653,4552,2409,1048,20,0 to 105,42,27106,4764,7073,5256,6683,26219,11297,4161,78,2465,50,12,846,44977,20734,23629,44199,778,0,218703,0,263844,218703,44977,6047,20896,7,26950,22.44,290794,51024,46175,97542,18.5,17.5,72.3,2021/05/16 05:00:00+00,2020/09/26 05:00:00+00,NO,YES,YES,YES,increased by,decreased by,decreased by,increased by,7.2,20.8,1,5.6,%,%,%,%,115,304,858,4239,2515,10,6,1.9,44941,856,36,2,4786,201,33,2,671,0,12,2021/06/04 01:30:52+00,2679,29710,15267,2,50,241,36,205,14.9,4745,29567,34312,13.8,105,634,739,14.21,337,201502,241294,5.33119702733115,0.289588880464178
26,15,29,DIXIE,Dixie,Dixie,Dixie County,FL,16437,2741,1627,1112,0,2,2735,1361,262,2,2,754,863,6,1623,28,86,200,213,303,233,237,184,106,37,0,0 to 101,44,1263,255,42,63,71,1456,96,159,0,116,0,0,24,1627,865,756,1623,4,0,6654,0,8292,6654,1627,38,154,0,192,19.79,8484,1665,1266,2933,17.8,19.6,60.7,2021/05/16 05:00:00+00,2020/09/26 05:00:00+00,NO,YES,YES,YES,decreased by,decreased by,decreased by,decreased by,66.7,40,80,78.3,%,%,%,%,0,5,24,159,116,10,8,1.5,1626,24,1,0,159,8,3,3,389,0,0,2021/06/04 01:30:52+00,112,1426,201,,,12,1,11,8.3,159,1067,1226,13,0,17,17,0,29,3257,4202,2.28600352927296,0.169869356812642
27,35,69,LAKE,Lake,Lake,Lake County,FL,335362,50671,31113,19418,1,139,49851,30199,350,560,4,16162,13640,747,30549,609,1912,4236,4614,4455,4525,4134,3372,2294,947,15,0 to 104,44,16653,3142,4819,5935,5557,18208,6784,2594,68,1582,38,11,663,31113,13883,16421,30549,564,0,170282,0,201533,170282,31113,5506,15077,3,20586,26.75,222119,36619,34495,71257,21.2,16.5,72.3,2021/05/16 05:00:00+00,2020/09/26 05:00:00+00,YES,YES,NO,YES,decreased by,decreased by,decreased by,increased by,16.4,20.3,0.5,17.4,%,%,%,%,105,227,674,2662,1620,9,6,2.2,31099,673,14,1,3606,129,23,1,317,0,17,2021/06/04 01:30:52+00,1605,23273,7840,1,49,220,14,206,6.4,3574,24000,27574,13,71,710,781,9.09,262,149883,176921,3.13721776798605,0.276793966657332
28,38,75,LEVY,Levy,Levy,Levy County,FL,39961,6614,3578,3034,0,2,6598,3024,541,10,3,1937,1579,49,3565,73,317,529,503,451,515,549,372,209,59,1,0 to 99,42,2390,533,305,337,458,2692,415,312,0,257,0,0,56,3578,1587,1942,3565,13,0,15165,0,18762,15165,3578,195,633,0,828,23.55,19590,3773,3667,7442,18.6,19.3,57,2021/05/16 05:00:00+00,2020/09/26 05:00:00+00,NO,NO,NO,YES,increased by,increased by,increased by,increased by,18.2,25,11.4,20,%,%,%,%,0,4,56,312,257,9,8,1.6,3576,56,2,0,553,18,8,0,34,0,2,2021/06/04 01:30:52+00,129,2995,583,,,36,2,34,5.6,551,3049,3600,15.3,8,52,60,13.33,26,11475,13373,3.28561267323522,0.269417839055888
29,60,119,SUMTER,Sumter,Sumter,Sumter County,FL,120999,14268,9506,4649,0,113,13971,8838,557,100,11,4576,4691,128,9395,69,253,600,753,883,947,1426,2616,1585,366,8,0 to 102,63,5980,767,450,2198,485,6199,2711,927,3,593,1,3,284,9506,4741,4635,9395,111,0,53188,0,62739,53188,9506,2801,6177,1,8979,31.2,71718,12307,10826,23247,19.2,17.2,86.3,2021/05/16 05:00:00+00,2020/09/26 05:00:00+00,NO,NO,NO,YES,decreased by,increased by,increased by,increased by,11.4,42.9,93.9,69.7,%,%,%,%,4,46,287,930,594,10,7,3,9504,286,2,1,493,21,2,3,924,0,7,2021/06/04 01:30:52+00,331,8177,1329,,23,72,2,70,2.8,491,2757,3248,15.1,9,72,81,11.11,94,77889,87255,2.17022236480857,0.13873900053404
30,59,117,SEMINOLE,Seminole,Seminole,Seminole County,FL,455086,59868,35426,24043,4,395,59175,34860,302,262,3,18469,16188,505,35162,657,2284,6481,6568,5716,5328,4268,2190,1127,792,16,0 to 108,38,24308,4024,5396,1434,9527,22676,2959,2071,13,1296,7,6,516,35427,16303,18604,35162,265,0,178615,0,214149,178615,35427,5543,16534,2,22079,25.11,236228,40970,40577,81947,18,17.3,68.4,2021/05/16 05:00:00+00,2020/09/26 05:00:00+00,NO,NO,YES,YES,increased by,decreased by,decreased by,decreased by,34.6,2.2,2.6,3.7,%,%,%,%,104,235,522,2084,1303,6,4,1.5,35380,522,47,0,4249,166,32,0,309,0,7,2021/06/04 01:30:52+00,1593,25065,10362,2,18,313,47,266,15,4233,28969,33202,12.7,74,924,998,7.41,260,190159,223994,1.54465855451764,0.0825017179038685
31,48,95,ORANGE,Orange,Orange,Orange County,FL,1321194,202161,143198,58764,7,192,198811,140271,612,2302,13,73271,65191,2421,140883,3135,9540,26015,29990,25234,21234,15178,7639,3553,1579,101,0 to 110,36,64689,20741,34156,21297,51362,59507,30014,5122,69,2929,50,32,1310,143198,66317,74342,140882,2315,1,818026,0,961589,818026,143198,16888,51397,10,68295,24.73,1029884,160086,110161,270456,20.5,15.5,79.2,2021/05/16 05:00:00+00,2020/09/26 05:00:00+00,NO,YES,YES,YES,increased by,did not change,decreased by,decreased by,11.4,,22.7,19.2,%,,%,%,120,405,1342,5191,2979,4,3,0.9,143051,1342,147,0,17455,389,68,5,417,0,19,2021/06/04 01:30:52+00,4059,98701,44497,5,188,1931,147,1784,7.6,17214,126811,144025,12,295,4851,5146,5.73,1739,525493,648782,2.69541534614424,0.239823210200004
32,9,17,CITRUS,Citrus,Citrus,Citrus County,FL,143087,19120,11417,7522,1,180,18828,9290,2029,71,28,6223,5003,93,11319,121,475,1191,1321,1229,1457,1919,1828,1307,567,3,0 to 103,54,8923,428,667,1301,658,8786,1875,642,5,743,7,5,463,11418,5054,6269,11319,99,0,52581,0,64031,52581,11418,942,3064,0,4006,23.51,68037,12360,10586,23126,16.2,18.2,64.6,2021/05/16 05:00:00+00,2020/09/26 05:00:00+00,NO,NO,YES,YES,decreased by,increased by,decreased by,decreased by,18,15.6,23.9,10.3,%,%,%,%,14,179,468,647,750,6,7,4.1,11411,468,7,0,969,17,9,0,222,0,4,2021/06/04 01:30:52+00,1479,9318,2100,1,59,56,7,49,12.5,969,6149,7118,13.6,25,137,162,15.43,137,56701,66050,2.36078128796641,0.144732057674215
33,27,53,HERNANDO,Hernando,Hernando,Hernando County,FL,182696,23280,14635,8618,3,24,23125,12216,2305,96,18,7920,6574,27,14521,211,870,1918,1951,1896,2111,2149,1793,1173,556,7,0 to 104,47,11749,809,1823,140,2674,11612,235,1204,19,1027,14,7,482,14635,6627,7978,14521,114,0,70943,0,85629,70943,14635,1497,4126,0,5623,26.62,91252,16132,12744,28903,15.8,17.7,69.3,2021/05/16 05:00:00+00,2020/09/26 05:00:00+00,YES,YES,YES,YES,decreased by,decreased by,decreased by,decreased by,12.9,50.6,29.6,24.9,%,%,%,%,21,162,489,1223,1041,9,8,3.3,14613,487,22,2,1589,25,5,0,106,0,2,2021/06/04 01:30:52+00,1002,12615,2020,,25,97,22,75,22.7,1585,9241,10826,14.6,53,259,312,16.99,130,64532,77520,1.97468349739229,0.116176883121577
34,52,103,PINELLAS,Pinellas,Pinellas,Pinellas County,FL,957875,117601,81532,35508,2,559,114767,78172,1343,1989,29,42374,37103,38,79515,1255,4262,11082,14702,11492,12140,12237,7626,4131,2596,10,0 to 105,42,57117,10188,7389,4821,9606,59173,10736,7938,122,5390,77,25,1671,81533,37973,43516,79515,2018,0,436247,0,518071,436247,81533,38582,73168,19,111769,34.52,629840,120115,108676,229370,23.9,19.1,102.1,2021/05/16 05:00:00+00,2020/09/26 05:00:00+00,YES,YES,YES,YES,decreased by,decreased by,decreased by,decreased by,9.2,23.5,24.1,6.9,%,%,%,%,297,909,1696,8060,5467,10,7,2.1,81481,1696,52,0,8004,410,73,0,352,0,17,2021/06/04 01:30:52+00,7076,63660,17873,6,95,449,52,397,11.6,7922,50392,58314,13.6,84,1337,1421,5.91,597,407126,476391,3.3752723253597,0.0695827303710248
35,61,121,SUWANNEE,Suwannee,Suwannee,Suwannee County,FL,43924,7942,5393,2541,0,8,7905,4956,408,20,9,2468,2867,29,5364,110,294,782,746,825,819,835,507,316,159,0,0 to 102,44,3653,825,635,251,769,4169,426,631,2,325,0,0,140,5393,2876,2487,5364,29,0,15394,0,20841,15394,5393,232,583,0,815,28.47,21656,5625,3124,8757,19.9,26,70.8,2021/05/16 05:00:00+00,2020/09/26 05:00:00+00,NO,NO,NO,YES,decreased by,decreased by,decreased by,decreased by,55,47.8,22.7,20.2,%,%,%,%,0,57,140,633,325,12,7,2.6,5394,139,-1,1,601,33,8,7,973,0,2,2021/06/04 01:30:52+00,408,4570,823,1,,8,-1,9,0,596,2686,3282,18.2,0,73,73,0,24,9318,11027,2.13933971543038,0.167912477109648
36,16,31,DUVAL,Duval,Duval,Duval County,FL,924229,154877,100985,53642,20,230,152474,95112,4240,1576,57,53369,45093,890,99352,2081,6748,16236,20463,15785,14468,12709,7343,3477,1606,69,0 to 106,37,42842,28722,11596,16192,8504,60120,30728,3841,51,2209,29,81,1483,100985,45913,54149,99352,1633,0,507896,0,609335,507896,100985,9816,25293,6,35115,27.95,644450,110801,78935,189992,20.6,17.2,71.5,2021/05/16 05:00:00+00,2020/09/26 05:00:00+00,YES,YES,YES,YES,decreased by,decreased by,decreased by,decreased by,5.5,30.1,16.9,3.1,%,%,%,%,173,452,1564,3892,2238,4,3,1.5,100884,1564,101,0,12211,269,63,0,963,1,11,2021/06/04 01:30:52+00,3891,74062,26923,3,80,654,101,553,15.4,12097,81931,94028,12.9,163,1490,1653,9.86,789,308107,371973,3.27411456399339,0.200425275951506
37,34,67,LAFAYETTE,Lafayette,Lafayette,Lafayette County,FL,8744,2079,1625,451,0,3,2076,1549,76,0,0,403,1218,4,1625,11,38,151,438,382,239,173,116,54,23,0,1 to 98,39,1153,368,62,42,196,1336,93,100,0,54,0,0,26,1625,1218,403,1625,0,0,2271,0,3909,2271,1625,34,60,0,94,36.17,4003,1659,511,2173,24.9,41.4,79.8,2021/05/16 05:00:00+00,2020/09/26 05:00:00+00,NO,NO,NO,YES,decreased by,increased by,increased by,increased by,37.5,50,50,59.2,%,%,%,%,0,12,26,100,54,7,4,1.6,1625,26,0,0,71,4,0,0,916,0,0,2021/06/04 01:30:52+00,101,1494,131,2,,4,0,4,0,71,368,439,16.2,0,6,6,0,4,2105,2470,1.87054630690761,0.132542672392139
38,23,45,GULF,Gulf,Gulf,Gulf County,FL,16055,2991,1981,996,0,14,2901,1648,309,24,0,931,1013,13,1957,31,111,208,268,244,320,355,276,116,52,0,0 to 96,49,1506,359,40,52,59,1813,85,216,6,100,2,1,45,1981,1028,940,1957,24,0,7547,0,9533,7547,1981,192,318,0,510,37.65,10043,2173,1314,3501,21.8,21.6,72.7,2021/05/16 05:00:00+00,2020/09/26 05:00:00+00,NO,YES,YES,YES,increased by,did not change,decreased by,decreased by,50,,50,33.3,%,,%,%,0,17,46,222,102,12,6,2.3,1979,46,2,0,200,8,1,3,322,0,0,2021/06/04 01:30:52+00,131,1796,185,2,,10,2,8,20,200,1083,1283,15.6,0,9,9,0,8,4023,4761,2.48127035397732,0.137366647980731
39,63,125,UNION,Union,Union,Union County,FL,15239,3375,1849,1526,0,0,3374,1379,469,1,0,654,1181,13,1848,23,95,239,273,306,290,334,211,65,13,0,0 to 93,44,1357,416,45,30,48,1757,43,91,0,84,0,0,74,1849,1181,655,1848,1,0,10436,0,12302,10436,1849,103,187,0,290,35.52,12592,1952,1713,3665,24.1,15.5,57.8,2021/05/16 05:00:00+00,2020/09/26 05:00:00+00,NO,YES,YES,YES,increased by,decreased by,decreased by,decreased by,75,14.3,87.5,83.8,%,%,%,%,0,0,74,91,84,5,5,4,1847,74,2,0,186,3,2,65,711,0,0,2021/06/04 01:30:52+00,14,1709,140,,,5,2,3,40,185,1014,1199,15.4,1,18,19,5.26,6,2902,3571,1.26448362508109,0.0605152418714557
40,4,7,BRADFORD,Bradford,Bradford,Bradford County,FL,26979,5188,3051,2134,0,3,5170,2269,769,6,7,1444,1586,8,3038,57,122,358,516,449,474,514,318,172,71,0,0 to 107,45,2137,660,129,112,75,2761,202,264,0,151,0,0,58,3051,1596,1447,3038,13,0,10504,0,13578,10504,3051,164,315,0,479,34.24,14057,3215,2449,5667,21,22.9,62,2021/05/16 05:00:00+00,2020/09/26 05:00:00+00,NO,YES,YES,YES,increased by,did not change,did not change,increased by,16.7,,,17.8,%,,,%,2,13,58,264,151,9,5,1.9,3051,58,0,0,273,13,4,0,616,0,1,2021/06/04 01:30:52+00,186,2789,262,,,5,0,5,0,272,1773,2045,13.3,2,31,33,6.06,10,6473,9557,1.60231094697748,0.0725862817243592
41,65,129,WAKULLA,Wakulla,Wakulla,Wakulla County,FL,31877,6531,3536,2986,1,8,6506,3194,328,11,3,1728,1784,10,3522,70,228,493,561,547,594,506,315,154,68,0,0 to 103,42,2681,485,216,140,120,3092,310,288,1,172,1,0,56,3536,1787,1739,3522,14,0,15663,0,19242,15663,3536,365,805,0,1170,31.2,20412,3901,3791,7701,24.2,19.1,59.7,2021/05/16 05:00:00+00,2020/09/26 05:00:00+00,NO,YES,NO,YES,decreased by,decreased by,increased by,increased by,66.7,42.9,13.6,30,%,%,%,%,16,15,56,289,173,9,5,1.6,3529,56,7,0,438,14,2,6,378,0,0,2021/06/04 01:30:52+00,172,2175,1361,2,,16,7,9,43.8,437,2677,3114,14,8,40,48,16.67,16,9061,11633,2.72889764519839,0.147928217262071
42,5,9,BREVARD,Brevard,Brevard,Brevard County,FL,576808,61938,43052,18856,1,29,61152,41335,972,730,15,21903,18987,1417,42307,739,2828,6536,6805,6009,6201,6522,3937,2254,1204,17,0 to 105,42,21464,3638,5650,11555,4311,23051,14945,3943,44,2463,22,3,914,43052,19308,22270,42307,745,0,260141,0,303314,260141,43052,8290,19419,4,27713,29.91,331027,51342,38275,89651,15.5,15.5,82.9,2021/05/16 05:00:00+00,2020/09/26 05:00:00+00,YES,NO,YES,YES,decreased by,decreased by,decreased by,decreased by,29.3,44.8,20.4,8.1,%,%,%,%,15,419,917,3987,2485,10,6,2.1,42999,916,53,1,5028,192,23,0,122,0,25,2021/06/04 01:30:52+00,2376,25048,18004,2,128,378,53,325,14,4982,39149,44131,11.3,69,1019,1088,6.34,257,234527,277611,7.43388259315234,0.247147787105867
43,53,105,POLK,Polk,Polk,Polk County,FL,668671,96700,71255,25152,6,287,95832,65489,5267,462,37,38111,32253,392,70756,1628,5260,10653,11894,11503,10391,8825,6134,3609,1327,31,0 to 103,40,47493,10329,6928,6006,22243,41256,7257,8614,110,5533,76,14,1387,71255,32489,38374,70756,499,0,296045,0,367492,296045,71255,6623,16300,4,22927,28.89,390419,77878,41452,119627,17.9,19.9,80.5,2021/05/16 05:00:00+00,2020/09/26 05:00:00+00,NO,YES,YES,YES,decreased by,decreased by,decreased by,decreased by,11.4,18,27.7,21.7,%,%,%,%,54,437,1401,8724,5609,13,8,2,71198,1400,57,1,9467,720,141,4,622,0,28,2021/06/04 01:30:52+00,3352,54608,16647,,,391,57,334,14.6,9434,53600,63034,15,173,1587,1760,9.83,677,222561,279728,3.74731907756171,0.477444147612644
44,49,97,OSCEOLA,Osceola,Osceola,Osceola County,FL,338619,64533,46310,18089,6,128,63531,42220,3273,758,59,24012,20908,573,45493,1123,3840,7468,8393,8305,7372,5021,2806,1435,520,27,0 to 105,37,22220,2957,14707,5609,27443,11601,6449,2791,29,1528,16,8,529,46310,21285,24403,45493,817,0,228883,0,275348,228883,46310,4520,14707,1,19228,23.51,294576,50830,32796,83761,24.7,17.3,78.8,2021/05/16 05:00:00+00,2020/09/26 05:00:00+00,YES,YES,YES,YES,decreased by,decreased by,decreased by,decreased by,18.8,17.5,16.6,2,%,%,%,%,58,139,537,2820,1544,7,4,1.2,46266,537,44,0,6782,204,14,0,70,0,9,2021/06/04 01:30:52+00,1160,32215,14095,2,111,553,44,509,8,6633,47542,54175,12.2,123,1613,1736,7.09,713,140528,177363,3.37526857658812,0.35792828157564
45,28,55,HIGHLANDS,Highlands,Highlands,Highlands County,FL,102101,14460,8781,5588,1,90,14210,7922,761,97,1,4709,3858,116,8683,154,491,1016,1065,1100,1077,1263,1204,1039,370,2,0 to 99,50,5647,834,1046,1156,1917,5290,1476,1220,34,681,26,8,366,8781,3913,4751,8683,98,0,39730,0,48525,39730,8781,1134,2176,0,3310,34.26,51835,9915,7764,17770,17.4,19.1,68.6,2021/05/16 05:00:00+00,2020/09/26 05:00:00+00,YES,YES,YES,YES,decreased by,decreased by,decreased by,increased by,3.4,8.2,10.1,4.1,%,%,%,%,31,92,374,1254,707,15,9,4.3,8780,374,1,0,914,62,8,0,130,0,1,2021/06/04 01:30:52+00,717,6830,1951,,36,50,1,49,2,914,5006,5920,15.4,13,141,154,8.44,99,34765,46304,2.84124661017872,0.261466143519148
46,36,71,LEE,Lee,Lee,Lee County,FL,718679,112813,73777,38790,2,244,109390,69177,2264,2301,35,37501,33386,554,71441,1496,4619,11325,11601,10509,10595,10239,7719,4092,1529,53,0 to 103,42,44959,5563,9823,11096,18128,41061,12252,3931,106,2316,83,37,1009,73777,34582,38624,71440,2336,1,350644,0,424651,350644,73777,6906,20219,7,27132,25.45,451783,80683,59009,139945,19.5,17.9,71.5,2021/05/16 05:00:00+00,2020/09/26 05:00:00+00,NO,YES,YES,YES,decreased by,decreased by,decreased by,decreased by,10.9,11.9,14.8,5.1,%,%,%,%,81,348,1046,4037,2399,6,4,1.4,73727,1046,50,0,8555,228,40,0,128,1,14,2021/06/04 01:30:52+00,2369,50040,23737,2,,467,50,417,10.7,8409,51723,60132,14,197,1420,1617,12.18,714,306374,367359,5.53875411532028,0.191375284906929
47,11,21,COLLIER,Collier,Collier,Collier County,FL,363922,55831,37183,18410,4,234,53866,34137,1593,1358,96,18242,17233,255,35730,801,2136,5262,5498,5267,5625,5557,3807,2355,862,14,0 to 105,43,22752,2017,4235,6726,12461,16599,6670,2861,68,1746,39,20,551,37184,17979,18924,35730,1454,0,173760,0,211086,173760,37184,5561,21548,6,27115,20.51,238201,42745,39958,82946,22.8,17.9,76.6,2021/05/16 05:00:00+00,2020/09/26 05:00:00+00,YES,YES,YES,YES,decreased by,decreased by,decreased by,decreased by,5,8.3,19.6,14.6,%,%,%,%,50,198,571,2929,1785,8,5,1.5,37142,571,42,0,4190,258,45,0,115,0,9,2021/06/04 01:30:52+00,1332,27019,10165,1,40,310,42,268,13.5,4118,21030,25148,16.4,76,691,767,9.91,276,178039,212062,5.51085435511325,0.469024646114746
48,13,25,DADE,Dade,Miami-Dade,Miami-Dade County,FL,2715516,661831,501926,158952,68,885,652662,492281,2721,6890,34,256483,235360,3159,495002,12935,36212,73612,92145,81872,82336,63038,33097,17908,8312,459,0 to 108,39,282087,40974,98961,72980,324760,96119,74123,25238,252,14058,161,50,6472,501926,238968,259606,495001,6924,1,2009020,0,2513174,2009020,501926,72308,160442,103,232853,31.05,2746027,574234,319394,894684,32.9,20.9,86.8,2021/05/16 05:00:00+00,2020/09/26 05:00:00+00,NO,YES,YES,YES,decreased by,decreased by,decreased by,decreased by,10.8,24.5,17.4,14.6,%,%,%,%,179,1015,6522,25490,14219,6,3,1.3,501639,6506,287,16,64300,2070,318,45,2660,2,110,2021/06/04 01:30:52+00,7283,452043,49883,54,,5210,287,4923,5.5,63662,298855,362517,17.6,800,8158,8958,8.93,4808,1212839,1570846,5.08399987753541,0.459639407551052
49,44,87,MONROE,Monroe,Monroe,Monroe County,FL,76325,13651,7106,6503,1,41,13124,6493,205,401,7,3274,3373,51,6698,133,347,852,1370,1176,1220,1068,624,246,70,0,0 to 100,41,5091,390,358,859,2041,3694,963,642,34,278,20,4,52,7106,3597,3456,6698,408,0,45315,0,52443,45315,7106,1434,5837,1,7272,19.72,59715,8540,12340,20923,27.4,14.3,62.6,2021/05/16 05:00:00+00,2020/09/26 05:00:00+00,NO,NO,YES,YES,decreased by,decreased by,decreased by,decreased by,18.8,50,30,18.9,%,%,%,%,0,5,56,676,298,10,5,0.8,7092,55,14,1,672,52,2,0,119,0,2,2021/06/04 01:30:52+00,102,5944,1162,,,71,14,57,19.7,636,5363,5999,10.6,3,131,134,2.24,24,33892,43089,13.2628041136812,0.23593160872367
50,57,113,SANTA ROSA,Santa Rosa,Santa Rosa,Santa Rosa County,FL,170442,29284,18579,10429,0,276,28695,18138,180,260,1,9266,8816,236,18318,285,1286,2927,2745,2960,2953,2661,1580,850,330,2,0 to 105,41,14502,1214,1018,1584,748,15551,2019,1072,4,920,5,3,291,18579,8923,9407,18318,261,0,63677,0,82306,63677,18579,2281,4029,0,6310,36.15,88616,20860,14458,35594,20.9,23.5,71.2,2021/05/16 05:00:00+00,2020/09/26 05:00:00+00,NO,NO,NO,YES,increased by,decreased by,increased by,decreased by,8.2,10.9,5.4,11,%,%,%,%,11,82,294,1076,925,6,5,1.6,18562,294,17,0,2471,53,13,7,1184,0,0,2021/06/04 01:30:52+00,840,13014,5565,1,,185,17,168,9.2,2454,13665,16119,15.2,27,431,458,5.9,107,51954,63290,3.55202924757338,0.244558859679286
51,66,131,WALTON,Walton,Walton,Walton County,FL,65858,10255,7929,2307,0,19,9243,6479,555,881,14,3483,3433,118,7034,99,425,1132,1243,1331,1275,1241,748,332,100,3,0 to 101,42,4764,407,354,1509,631,4705,1698,865,66,314,12,10,89,7929,3766,3929,7034,895,0,28845,0,36808,28845,7929,1264,2826,0,4090,30.9,40898,9193,5133,14345,21.8,22.5,89.6,2021/05/16 05:00:00+00,2020/09/26 05:00:00+00,NO,NO,YES,YES,increased by,increased by,decreased by,increased by,23.5,17.4,9.4,10.6,%,%,%,%,0,29,99,931,326,12,5,1.2,7924,99,5,0,863,70,4,1,495,0,1,2021/06/04 01:30:52+00,275,5366,2563,,,45,5,40,11.1,790,4671,5461,14.5,9,120,129,6.98,93,22414,27537,3.60138878938014,0.25487062204587
52,32,63,JACKSON,Jackson,Jackson,Jackson County,FL,48472,9782,6327,3425,0,30,9666,5762,492,66,7,2893,3327,34,6254,84,293,799,1037,1044,1035,848,619,385,181,2,0 to 105,44,3628,1203,284,1139,173,4413,1668,404,7,369,5,0,158,6327,3361,2932,6254,73,0,22220,0,28562,22220,6327,709,1123,0,1832,38.7,30394,7036,4548,11614,24,23.1,71.9,2021/05/16 05:00:00+00,2020/09/26 05:00:00+00,NO,YES,NO,YES,increased by,decreased by,increased by,increased by,23.5,11.1,73.3,66.1,%,%,%,%,0,86,158,411,374,7,6,2.5,6314,158,13,0,575,25,5,8,1248,0,0,2021/06/04 01:30:52+00,757,5193,1134,2,,36,13,23,36.1,574,3058,3632,15.8,3,46,49,6.12,27,12003,14173,2.21646511270418,0.231093280796865
53,67,133,WASHINGTON,Washington,Washington,Washington County,FL,24566,4132,2755,1360,0,17,4091,2483,251,13,8,1300,1422,12,2734,27,143,351,452,439,448,419,262,156,58,0,0 to 99,44,1937,445,120,232,73,2140,521,135,3,135,2,0,52,2755,1430,1313,2734,21,0,8816,0,11595,8816,2755,256,476,0,732,34.97,12327,3011,1836,4864,19.8,24.4,72.9,2021/05/16 05:00:00+00,2020/09/26 05:00:00+00,NO,NO,YES,YES,increased by,increased by,did not change,increased by,57.1,20,,116.6,%,%,,%,0,13,52,138,137,6,5,1.9,2752,52,3,0,272,2,1,1,416,0,0,2021/06/04 01:30:52+00,137,2304,451,,,5,3,2,60,272,1297,1569,17.3,0,10,10,0,35,5452,6317,2.37953062294719,0.14998158461226
54,45,89,NASSAU,Nassau,Nassau,Nassau County,FL,80578,14677,8663,5879,1,134,13994,7734,475,439,15,4240,3955,14,8209,116,493,1269,1244,1246,1424,1376,908,422,163,2,0 to 103,44,6847,538,329,495,299,6795,1115,598,27,318,13,4,127,8663,4138,4511,8209,454,0,39934,0,48618,39934,8663,1086,2694,1,3781,28.72,52399,9749,8573,18458,22.9,18.6,66.4,2021/05/16 05:00:00+00,2020/09/26 05:00:00+00,YES,YES,NO,YES,did not change,decreased by,increased by,increased by,,22.2,15.2,9.9,,%,%,%,0,33,131,625,331,8,4,1.5,8654,130,9,1,957,33,9,0,94,0,1,2021/06/04 01:30:52+00,389,5569,3094,1,25,54,9,45,16.7,908,5703,6611,13.7,18,104,122,14.75,51,32661,36540,3.7594213229607,0.154419685844337
55,22,43,GLADES,Glades,Glades,Glades County,FL,13363,1368,983,376,0,9,1355,939,40,3,1,372,601,6,979,21,59,124,209,185,144,117,71,48,5,0,0 to 89,38,666,156,69,88,317,575,87,103,0,75,0,0,19,983,603,374,979,4,0,2036,0,3020,2036,983,53,71,0,124,42.74,3144,1036,447,1492,11.2,33,75.7,2021/05/16 05:00:00+00,2020/09/26 05:00:00+00,NO,NO,NO,NO,increased by,increased by,did not change,increased by,3,100,,19.7, cases,%,,%,0,0,19,103,75,11,8,1.9,983,19,0,0,108,4,0,1,319,0,0,2021/06/04 01:30:52+00,9,839,144,,,3,0,3,0,108,351,459,23.5,4,5,9,44.44,10,4152,4772,2.27684336325277,0.23195700957774
56,8,15,CHARLOTTE,Charlotte,Charlotte,Charlotte County,FL,176954,19323,13437,5778,1,107,18977,12576,642,217,2,7092,6072,54,13218,135,501,1427,1427,1361,1786,2425,2336,1401,638,0,0 to 106,55,9812,789,871,1746,996,9465,2757,1217,44,993,36,7,437,13437,6176,7207,13218,219,0,76540,0,90031,76540,13437,2791,7129,4,9924,28.12,99955,16228,12907,29247,16.5,16.2,84,2021/05/16 05:00:00+00,2020/09/26 05:00:00+00,NO,YES,YES,YES,increased by,decreased by,decreased by,decreased by,10.5,27.7,13.5,0.5,%,%,%,%,12,138,444,1261,1029,10,8,3.3,13425,444,12,0,973,36,5,0,92,0,9,2021/06/04 01:30:52+00,996,9990,3447,1,3,137,12,125,8.8,970,6342,7312,13.3,35,195,230,15.22,107,87150,109944,3.83218058562021,0.165856243835633
57,58,115,SARASOTA,Sarasota,Sarasota,Sarasota County,FL,412144,54152,33745,20365,2,40,52280,31818,329,1590,8,16986,14975,186,32147,493,1790,4510,4559,4244,4773,5126,4207,2644,1383,16,0 to 105,47,23119,1850,2419,4759,3895,18916,9336,1588,84,1390,63,27,844,33745,15797,17757,32147,1598,0,212903,0,246747,212903,33745,5549,18767,8,24324,22.81,271071,39294,39132,78476,19,14.5,72.6,2021/05/16 05:00:00+00,2020/09/26 05:00:00+00,NO,YES,YES,YES,increased by,decreased by,decreased by,decreased by,7.7,39.6,26.2,13.2,%,%,%,%,163,408,871,1672,1453,5,5,2.6,33718,870,27,1,3440,49,21,0,167,0,12,2021/06/04 01:30:52+00,2401,24129,9616,,81,245,27,218,11,3301,24248,27549,12,50,508,558,8.96,290,211972,259147,2.51442395265703,0.137455100931124
58,14,27,DESOTO,Desoto,Desoto,Desoto County,FL,36399,7256,4438,2788,1,29,7192,4009,402,24,3,1908,2476,27,4411,120,365,617,698,672,651,636,410,215,54,0,0 to 100,41,2690,433,381,907,1464,1818,1129,652,3,304,2,1,97,4438,2492,1919,4411,27,0,16037,0,20485,16037,4438,478,1839,0,2317,20.63,22802,4916,4627,9573,26.3,21.6,67.8,2021/05/16 05:00:00+00,2020/09/26 05:00:00+00,NO,NO,NO,YES,decreased by,decreased by,increased by,increased by,10,31.6,32.1,43.2,%,%,%,%,6,7,98,655,306,15,7,2.2,4437,98,1,0,664,51,4,0,741,1,2,2021/06/04 01:30:52+00,109,3950,488,,,5,1,4,20,662,2902,3564,18.6,12,53,65,18.46,20,10541,13791,1.62412905305,0.150723124139406
59,18,35,FLAGLER,Flagler,Flagler,Flagler County,FL,107139,13866,7507,6320,0,39,13694,6277,1128,82,20,3967,3363,75,7405,110,515,1096,1001,1004,1137,1184,838,477,145,0,0 to 104,45,4842,868,848,847,920,5271,1214,626,10,421,6,1,114,7507,3404,4022,7405,102,0,44653,0,52184,44653,7507,1278,3801,2,5081,25.15,57265,8785,10121,18947,17.7,15.3,63.4,2021/05/16 05:00:00+00,2020/09/26 05:00:00+00,YES,YES,YES,YES,decreased by,decreased by,decreased by,decreased by,12.5,4.3,20.3,18.1,%,%,%,%,5,17,115,636,427,9,6,1.5,7504,114,3,1,910,38,4,0,41,0,4,2021/06/04 01:30:52+00,299,5255,2252,6,23,39,3,36,7.7,902,5150,6052,14.9,12,135,147,8.16,64,49323,57928,2.09459078359203,0.120416345898957
60,26,51,HENDRY,Hendry,Hendry,Hendry County,FL,40127,8261,4873,3339,1,48,8192,4579,277,15,2,2386,2448,22,4856,143,424,779,874,793,716,542,330,187,85,0,0 to 104,37,3398,512,431,515,2703,1693,460,620,2,368,2,0,87,4873,2459,2392,4856,17,0,15457,0,20349,15457,4873,311,524,0,835,37.25,21184,5184,3863,9096,22.7,24.5,62.8,2021/05/16 05:00:00+00,2020/09/26 05:00:00+00,NO,YES,NO,YES,increased by,decreased by,decreased by,decreased by,25,13.3,4.5,9.6,%,%,%,%,0,29,87,622,370,13,8,1.8,4872,86,1,1,759,42,7,0,85,0,2,2021/06/04 01:30:52+00,176,3744,1129,1,29,21,1,20,4.8,759,3353,4112,18.5,16,34,50,32,96,10455,12886,2.75195800236881,0.279063453452883
61,31,61,INDIAN RIVER,Indian River,Indian River,Indian River County,FL,150984,22424,12860,9484,0,80,22181,12555,195,109,2,6820,5836,94,12750,245,913,1800,1844,1626,1728,1827,1457,906,515,0,0 to 105,44,8834,1293,1154,1469,2406,8402,1942,1406,26,880,18,5,306,12861,5892,6874,12750,111,0,76701,0,89597,76701,12861,2173,6013,0,8186,26.55,97783,15034,15497,30610,20.3,15.4,67,2021/05/16 05:00:00+00,2020/09/26 05:00:00+00,NO,NO,YES,YES,increased by,decreased by,decreased by,decreased by,11.5,29.4,7.1,1.6,%,%,%,%,13,118,311,1432,898,12,7,2.4,12851,310,10,1,1644,78,10,0,60,0,2,2021/06/04 01:30:52+00,869,10496,2365,1,18,127,10,117,7.9,1639,10579,12218,13.4,22,243,265,8.3,80,70426,89415,2.23772405029718,0.120741478798492
62,6,11,BROWARD,Broward,Broward,Broward County,FL,1909151,405813,245303,159917,46,547,400823,218445,23856,2789,213,125690,115374,1237,242301,6459,19629,36022,46682,41999,38232,31042,15062,6864,3217,95,0 to 109,38,122401,54746,41913,23241,92645,121062,28594,18379,256,10481,190,54,3079,245303,116971,127063,242301,3002,0,1256634,0,1502987,1256634,245303,31133,93258,144,124535,25,1627522,276436,253175,530348,27.8,17,68.1,2021/05/16 05:00:00+00,2020/09/26 05:00:00+00,NO,YES,YES,YES,decreased by,decreased by,decreased by,decreased by,16.9,16.8,21.9,14.9,%,%,%,%,87,685,3133,18635,10671,8,5,1.3,245095,3132,208,1,34415,1180,223,0,868,1,37,2021/06/04 01:30:52+00,5207,213799,31504,41,52,3378,208,3170,6.2,34240,183225,217465,15.7,409,5140,5549,7.37,2892,787393,1006762,2.79197632947501,0.283663156668146
63,17,33,ESCAMBIA,Escambia,Escambia,Escambia County,FL,311522,51771,36650,15081,1,39,45544,32293,653,3701,3,17562,14848,536,32946,564,1870,5617,6487,5262,4950,5214,3636,2071,961,18,0 to 105,40,16116,6814,3902,6114,1154,23008,8784,3166,85,2231,72,82,706,36650,16482,19601,32946,3704,0,156019,0,192752,156019,36650,3703,5975,1,9679,38.26,202431,40353,21056,61450,19.7,19.9,77.9,2021/05/16 05:00:00+00,2020/09/26 05:00:00+00,NO,NO,YES,YES,increased by,increased by,decreased by,decreased by,12.9,3.5,30,19.5,%,%,%,%,10,284,788,3251,2303,9,7,2.2,36639,786,11,2,3479,139,48,3,1109,0,10,2021/06/04 01:30:52+00,2235,32054,4596,5,,150,11,139,7.3,3260,21513,24773,13.2,17,350,367,4.63,116,90714,109497,4.3691830774789,0.166409867701123
64,47,93,OKEECHOBEE,Okeechobee,Okeechobee,Okeechobee County,FL,40572,6799,4187,2605,1,6,6730,3763,370,51,3,2124,1987,22,4133,118,362,675,600,623,588,534,337,256,94,0,0 to 100,40,3266,316,336,215,1479,2456,198,646,28,426,21,3,89,4187,2016,2149,4133,54,0,16950,0,21160,16950,4187,312,659,0,971,32.13,22131,4499,3264,7770,19.2,20.3,66.2,2021/05/16 05:00:00+00,2020/09/26 05:00:00+00,NO,NO,NO,NO,decreased by,increased by,increased by,increased by,5,3.1,57.8,70.3,%,%,%,%,9,21,92,674,447,17,11,2.2,4184,92,3,0,651,45,11,6,236,0,0,2021/06/04 01:30:52+00,209,3699,488,1,,21,3,18,14.3,650,2517,3167,20.5,16,47,63,25.4,23,10844,12672,2.58761125383369,0.210545212308526
65,19,37,FRANKLIN,Franklin,Franklin,Franklin County,FL,11736,2283,1362,910,0,11,2229,1006,316,11,29,548,771,3,1322,31,81,145,231,203,198,220,152,80,21,0,0 to 96,44,971,276,43,32,89,1137,96,71,0,41,0,0,20,1362,790,568,1322,40,0,6181,0,7551,6181,1362,137,652,0,789,17.36,8340,1499,1562,3072,26.2,18,65.7,2021/05/16 05:00:00+00,2020/09/26 05:00:00+00,NO,NO,NO,YES,decreased by,decreased by,increased by,increased by,33.3,33.3,28.6,89.5,%,%,%,%,0,9,20,71,41,6,4,1.5,1360,20,2,0,153,2,1,1,357,0,0,2021/06/04 01:30:52+00,77,1240,122,1,,0,2,-2,0,150,958,1108,13.5,4,1,5,80,4,3916,4405,4.43935169444705,0.135013808490331
66,1,1,ALACHUA,Alachua,Alachua,Alachua County,FL,263148,41087,25515,15475,1,96,40431,24507,692,300,16,13730,11280,189,25199,419,1244,9651,4301,2757,2374,2218,1409,750,384,8,0 to 105,27,14414,5923,2510,2352,3220,19228,2751,2770,54,1291,53,24,285,25515,11441,13863,25199,316,0,167144,0,192743,167144,25515,1396,4947,3,6346,22,199089,26911,20422,47433,18,13.5,65.5,2021/05/16 05:00:00+00,2020/09/26 05:00:00+00,NO,NO,NO,YES,decreased by,increased by,decreased by,decreased by,3.4,10.7,15.3,5.2,%,%,%,%,7,78,309,2824,1344,12,6,1.2,25499,309,16,0,2349,205,31,0,304,0,4,2021/06/04 01:30:52+00,867,22996,2519,8,51,203,16,187,7.9,2331,20348,22679,10.3,54,437,491,11,133,113045,130790,2.62533240403123,0.233996913225879
67,55,109,ST. JOHNS,St. Johns,St. Johns,St. Johns County,FL,235503,44553,23319,21133,9,92,44108,22284,719,308,8,12060,10858,85,23003,325,1837,4251,2961,3784,3835,3187,1888,871,380,0,0 to 106,41,17499,1295,1643,2566,1679,16875,4449,1121,23,838,22,2,221,23319,11019,12207,23003,316,0,114163,0,137569,114163,23319,3963,10470,8,14441,27.44,152010,27282,31603,58994,25.1,17.9,61.2,2021/05/16 05:00:00+00,2020/09/26 05:00:00+00,NO,NO,NO,YES,increased by,decreased by,increased by,increased by,6.3,6.4,7.7,23.3,%,%,%,%,23,89,223,1144,860,5,4,1,23301,223,18,0,3442,59,19,0,116,0,1,2021/06/04 01:30:52+00,702,15936,7383,5,,162,18,144,11.1,3419,21467,24886,13.7,78,522,600,13,109,121926,137780,3.24633646309351,0.154879969129848
68,999,999,UNKNOWN,Unknown,Unknown,Unknown,FL,0,4124,3017,1107,0,0,205,57,0,2932,28,26,30,1,57,42,144,538,553,472,447,368,247,139,58,9,2 to 79,38,21,5,27,4,16,35,6,2,14,0,9,11,0,3017,1508,1442,57,2960,0,34753,0,37820,34753,3017,25920,139694,0,165614,15.65,203434,28937,140801,169738,,14.2,701.7,2021/05/16 05:00:00+00,2020/09/26 05:00:00+00,,,,,,,,,,,,,,,,,0,17,11,16,9,1,1,0.4,3027,11,-10,0,269,0,0,0,0,0,-2,2021/06/04 01:30:52+00,0,3005,12,,,0,-10,10,0,3,3216,3219,0.1,0,6,6,0,688,173156,267311,0,0
